{
    "setup": {
        "robots": 15,
        "tasks": 20,
        "num_skills": 5,
        "robot_class": "WR",
        "task_class": "ST",
        "coverage": "SC"
    },
    "tasks": {
        "0": {
            "pos": {
                "x": 0.590025442796092,
                "y": 0.8764266630869234
            },
            "skillset": {
                "0": 0,
                "1": 0,
                "2": 1,
                "3": 0,
                "4": 1
            },
            "duration": 3.526914340958147
        },
        "1": {
            "pos": {
                "x": 0.6436074709361372,
                "y": 0.34259291663110236
            },
            "skillset": {
                "0": 1,
                "1": 0,
                "2": 1,
                "3": 0,
                "4": 1
            },
            "duration": 3.4442046140557103
        },
        "2": {
            "pos": {
                "x": 0.28258050661599177,
                "y": 0.780717776575051
            },
            "skillset": {
                "0": 1,
                "1": 1,
                "2": 1,
                "3": 1,
                "4": 0
            },
            "duration": 3.0040131154703538
        },
        "3": {
            "pos": {
                "x": 0.14171081568498112,
                "y": 0.7305625232450021
            },
            "skillset": {
                "0": 0,
                "1": 1,
                "2": 1,
                "3": 0,
                "4": 1
            },
            "duration": 1.4187719686191114
        },
        "4": {
            "pos": {
                "x": 0.5479603556777151,
                "y": 0.03656232803082582
            },
            "skillset": {
                "0": 0,
                "1": 1,
                "2": 1,
                "3": 0,
                "4": 1
            },
            "duration": 1.98195216877596
        },
        "5": {
            "pos": {
                "x": 0.21241556891394198,
                "y": 0.49691044020641917
            },
            "skillset": {
                "0": 1,
                "1": 0,
                "2": 0,
                "3": 1,
                "4": 1
            },
            "duration": 1.7576655816186988
        },
        "6": {
            "pos": {
                "x": 0.2313615883489505,
                "y": 0.6851985435925634
            },
            "skillset": {
                "0": 0,
                "1": 1,
                "2": 1,
                "3": 0,
                "4": 1
            },
            "duration": 1.8515337887623988
        },
        "7": {
            "pos": {
                "x": 0.734920401925008,
                "y": 0.9723884980119045
            },
            "skillset": {
                "0": 0,
                "1": 0,
                "2": 0,
                "3": 1,
                "4": 0
            },
            "duration": 2.1582640855252135
        },
        "8": {
            "pos": {
                "x": 0.8939386946020408,
                "y": 0.622932788702784
            },
            "skillset": {
                "0": 0,
                "1": 1,
                "2": 0,
                "3": 0,
                "4": 1
            },
            "duration": 1.6621876741002057
        },
        "9": {
            "pos": {
                "x": 0.6633884863469796,
                "y": 0.7098553493316658
            },
            "skillset": {
                "0": 1,
                "1": 1,
                "2": 0,
                "3": 1,
                "4": 0
            },
            "duration": 0.3732401240383937
        },
        "10": {
            "pos": {
                "x": 0.11351893693154458,
                "y": 0.08402511290263148
            },
            "skillset": {
                "0": 0,
                "1": 1,
                "2": 1,
                "3": 1,
                "4": 1
            },
            "duration": 1.3892477949253208
        },
        "11": {
            "pos": {
                "x": 0.8874613156361476,
                "y": 0.8310967225303574
            },
            "skillset": {
                "0": 0,
                "1": 0,
                "2": 0,
                "3": 1,
                "4": 0
            },
            "duration": 3.2896147270788463
        },
        "12": {
            "pos": {
                "x": 0.4471536160666073,
                "y": 0.2260713457902832
            },
            "skillset": {
                "0": 1,
                "1": 1,
                "2": 1,
                "3": 1,
                "4": 1
            },
            "duration": 1.8502369884448333
        },
        "13": {
            "pos": {
                "x": 0.08934309219532421,
                "y": 0.7640570086729542
            },
            "skillset": {
                "0": 0,
                "1": 0,
                "2": 1,
                "3": 0,
                "4": 0
            },
            "duration": 3.776154770272332
        },
        "14": {
            "pos": {
                "x": 0.3117375643553255,
                "y": 0.6136167704106799
            },
            "skillset": {
                "0": 0,
                "1": 1,
                "2": 1,
                "3": 0,
                "4": 0
            },
            "duration": 4.437245575536272
        },
        "15": {
            "pos": {
                "x": 0.40253385145211384,
                "y": 0.4396678716343536
            },
            "skillset": {
                "0": 0,
                "1": 0,
                "2": 0,
                "3": 0,
                "4": 1
            },
            "duration": 1.9018678236006348
        },
        "16": {
            "pos": {
                "x": 0.428919035102188,
                "y": 0.29486407339594833
            },
            "skillset": {
                "0": 1,
                "1": 0,
                "2": 1,
                "3": 0,
                "4": 0
            },
            "duration": 2.0287825062800042
        },
        "17": {
            "pos": {
                "x": 0.614508289417469,
                "y": 0.524723784222446
            },
            "skillset": {
                "0": 0,
                "1": 1,
                "2": 1,
                "3": 1,
                "4": 1
            },
            "duration": 1.1765724135277722
        },
        "18": {
            "pos": {
                "x": 0.14376982954533746,
                "y": 0.7523128784018359
            },
            "skillset": {
                "0": 1,
                "1": 0,
                "2": 1,
                "3": 1,
                "4": 1
            },
            "duration": 0.6089886068221817
        },
        "19": {
            "pos": {
                "x": 0.8191996719117074,
                "y": 0.5353313088801834
            },
            "skillset": {
                "0": 1,
                "1": 1,
                "2": 0,
                "3": 0,
                "4": 0
            },
            "duration": 2.7223441181511685
        }
    },
    "robots": {
        "0": {
            "pose": {
                "x": 0.10236828992367375,
                "y": 0.09608966057085133
            },
            "skillset": {
                "0": 1,
                "1": 0,
                "2": 0,
                "3": 0,
                "4": 0
            }
        },
        "1": {
            "pose": {
                "x": 0.10236828992367375,
                "y": 0.09608966057085133
            },
            "skillset": {
                "0": 1,
                "1": 0,
                "2": 0,
                "3": 0,
                "4": 0
            }
        },
        "2": {
            "pose": {
                "x": 0.10236828992367375,
                "y": 0.09608966057085133
            },
            "skillset": {
                "0": 1,
                "1": 0,
                "2": 0,