{
    "setup": {
        "robots": 15,
        "tasks": 20,
        "num_skills": 5,
        "robot_class": "WR",
        "task_class": "ST",
        "coverage": "SC"
    },
    "tasks": {
        "0": {
            "pos": {
                "x": 0.6901417042575847,
                "y": 0.31737849546518704
            },
            "skillset": {
                "0": 0,
                "1": 0,
                "2": 1,
                "3": 0,
                "4": 0
            },
            "duration": 1.197987544989929
        },
        "1": {
            "pos": {
                "x": 0.9868245460952799,
                "y": 0.6015240619670486
            },
            "skillset": {
                "0": 0,
                "1": 0,
                "2": 0,
                "3": 1,
                "4": 0
            },
            "duration": 1.077411472932298
        },
        "2": {
            "pos": {
                "x": 0.7033837992563895,
                "y": 0.06410430015798974
            },
            "skillset": {
                "0": 1,
                "1": 1,
                "2": 0,
                "3": 0,
                "4": 1
            },
            "duration": 2.2391416911433963
        },
        "3": {
            "pos": {
                "x": 0.38253139488781795,
                "y": 0.24184783150810085
            },
            "skillset": {
                "0": 1,
                "1": 0,
                "2": 0,
                "3": 1,
                "4": 1
            },
            "duration": 3.248956083081944
        },
        "4": {
            "pos": {
                "x": 0.8797659887027918,
                "y": 0.35899676916356993
            },
            "skillset": {
                "0": 0,
                "1": 0,
                "2": 0,
                "3": 0,
                "4": 1
            },
            "duration": 4.338311127620205
        },
        "5": {
            "pos": {
                "x": 0.2353143571155829,
                "y": 0.8450559941111534
            },
            "skillset": {
                "0": 1,
                "1": 1,
                "2": 1,
                "3": 1,
                "4": 1
            },
            "duration": 4.5159761429186505
        },
        "6": {
            "pos": {
                "x": 0.18354294723858233,
                "y": 0.3943752451168405
            },
            "skillset": {
                "0": 1,
                "1": 0,
                "2": 1,
                "3": 0,
                "4": 0
            },
            "duration": 0.8913088565145016
        },
        "7": {
            "pos": {
                "x": 0.9131538814658756,
                "y": 0.024583332767929345
            },
            "skillset": {
                "0": 0,
                "1": 0,
                "2": 0,
                "3": 1,
                "4": 0
            },
            "duration": 4.8158002621298115
        },
        "8": {
            "pos": {
                "x": 0.15454863923469764,
                "y": 0.49837298514006656
            },
            "skillset": {
                "0": 1,
                "1": 0,
                "2": 0,
                "3": 0,
                "4": 0
            },
            "duration": 3.2347128034632733
        },
        "9": {
            "pos": {
                "x": 0.45370029247665633,
                "y": 0.9732626601137243
            },
            "skillset": {
                "0": 1,
                "1": 1,
                "2": 0,
                "3": 0,
                "4": 1
            },
            "duration": 1.5356371114627003
        },
        "10": {
            "pos": {
                "x": 0.8938893592280881,
                "y": 0.6476127227140601
            },
            "skillset": {
                "0": 1,
                "1": 0,
                "2": 1,
                "3": 1,
                "4": 1
            },
            "duration": 3.838709783966845
        },
        "11": {
            "pos": {
                "x": 0.031103653065951975,
                "y": 0.18564601386210478
            },
            "skillset": {
                "0": 0,
                "1": 1,
                "2": 1,
                "3": 1,
                "4": 0
            },
            "duration": 1.291442761958061
        },
        "12": {
            "pos": {
                "x": 0.5561830015070481,
                "y": 0.4299250607133077
            },
            "skillset": {
                "0": 0,
                "1": 0,
                "2": 1,
                "3": 0,
                "4": 1
            },
            "duration": 3.3712186093635492
        },
        "13": {
            "pos": {
                "x": 0.9649629205094294,
                "y": 0.4617445246279851
            },
            "skillset": {
                "0": 1,
                "1": 0,
                "2": 1,
                "3": 0,
                "4": 1
            },
            "duration": 1.4755697659203597
        },
        "14": {
            "pos": {
                "x": 0.9509566515534084,
                "y": 0.18687785935671009
            },
            "skillset": {
                "0": 0,
                "1": 1,
                "2": 0,
                "3": 0,
                "4": 0
            },
            "duration": 2.75368229487817
        },
        "15": {
            "pos": {
                "x": 0.851760450942621,
                "y": 0.643821859057699
            },
            "skillset": {
                "0": 0,
                "1": 1,
                "2": 0,
                "3": 1,
                "4": 1
            },
            "duration": 0.43877176319116307
        },
        "16": {
            "pos": {
                "x": 0.8615232135388528,
                "y": 0.7064018405232197
            },
            "skillset": {
                "0": 1,
                "1": 0,
                "2": 0,
                "3": 1,
                "4": 0
            },
            "duration": 4.54418144919248
        },
        "17": {
            "pos": {
                "x": 0.623399169199601,
                "y": 0.18257799584571388
            },
            "skillset": {
                "0": 0,
                "1": 1,
                "2": 0,
                "3": 0,
                "4": 1
            },
            "duration": 0.41463256971069895
        },
        "18": {
            "pos": {
                "x": 0.09063153995189033,
                "y": 0.0623074087359472
            },
            "skillset": {
                "0": 1,
                "1": 1,
                "2": 0,
                "3": 1,
                "4": 0
            },
            "duration": 3.7753533612237296
        },
        "19": {
            "pos": {
                "x": 0.14731920279476907,
                "y": 0.22913824737847077
            },
            "skillset": {
                "0": 1,
                "1": 1,
                "2": 1,
                "3": 0,
                "4": 1
            },
            "duration": 1.2921134877777418
        }
    },
    "robots": {
        "0": {
            "pose": {
                "x": 0.5858534004535191,
                "y": 0.7379641675422207
            },
            "skillset": {
                "0": 1,
                "1": 0,
                "2": 0,
                "3": 0,
                "4": 0
            }
        },
        "1": {
            "pose": {
                "x": 0.5858534004535191,
                "y": 0.7379641675422207
            },
            "skillset": {
                "0": 1,
                "1": 0,
                "2": 0,
                "3": 0,
                "4": 0
            }
        },
        "2": {
            "pose": {
                "x": 0.5858534004535191,
                "y": 0.7379641675422207
            },
            "skillset": {
                "0": 1,
                "1": 0,
                "2": 0,