{
    "setup": {
        "robots": 15,
        "tasks": 20,
        "num_skills": 5,
        "robot_class": "WR",
        "task_class": "ST",
        "coverage": "SC"
    },
    "tasks": {
        "0": {
            "pos": {
                "x": 0.9083194924222268,
                "y": 0.5998002500769789
            },
            "skillset": {
                "0": 1,
                "1": 1,
                "2": 1,
                "3": 1,
                "4": 0
            },
            "duration": 1.9984629535526914
        },
        "1": {
            "pos": {
                "x": 0.1872290474547189,
                "y": 0.7913043338720918
            },
            "skillset": {
                "0": 1,
                "1": 1,
                "2": 0,
                "3": 0,
                "4": 0
            },
            "duration": 2.895697821461943
        },
        "2": {
            "pos": {
                "x": 0.16152169054797472,
                "y": 0.3206403846444068
            },
            "skillset": {
                "0": 1,
                "1": 1,
                "2": 1,
                "3": 1,
                "4": 1
            },
            "duration": 4.911699064323324
        },
        "3": {
            "pos": {
                "x": 0.6664230870814164,
                "y": 0.4252353008413222
            },
            "skillset": {
                "0": 0,
                "1": 1,
                "2": 1,
                "3": 0,
                "4": 1
            },
            "duration": 3.2381374106498835
        },
        "4": {
            "pos": {
                "x": 0.4609252157924165,
                "y": 0.30315722537378154
            },
            "skillset": {
                "0": 1,
                "1": 0,
                "2": 0,
                "3": 1,
                "4": 1
            },
            "duration": 2.621977871890066
        },
        "5": {
            "pos": {
                "x": 0.03723728048946706,
                "y": 0.3607681347214251
            },
            "skillset": {
                "0": 0,
                "1": 1,
                "2": 0,
                "3": 0,
                "4": 1
            },
            "duration": 1.4189976489127116
        },
        "6": {
            "pos": {
                "x": 0.8266223901229942,
                "y": 0.8301617250714785
            },
            "skillset": {
                "0": 1,
                "1": 0,
                "2": 1,
                "3": 1,
                "4": 1
            },
            "duration": 3.545202794964251
        },
        "7": {
            "pos": {
                "x": 0.08106201414430547,
                "y": 0.5529808291772408
            },
            "skillset": {
                "0": 0,
                "1": 1,
                "2": 1,
                "3": 1,
                "4": 0
            },
            "duration": 4.802063568051071
        },
        "8": {
            "pos": {
                "x": 0.35379305429085994,
                "y": 0.39895884700342044
            },
            "skillset": {
                "0": 0,
                "1": 0,
                "2": 0,
                "3": 1,
                "4": 0
            },
            "duration": 3.541504415307219
        },
        "9": {
            "pos": {
                "x": 0.9878944722755058,
                "y": 0.8092349746949816
            },
            "skillset": {
                "0": 1,
                "1": 0,
                "2": 1,
                "3": 0,
                "4": 1
            },
            "duration": 3.849467206167657
        },
        "10": {
            "pos": {
                "x": 0.506979159656347,
                "y": 0.5074810993396169
            },
            "skillset": {
                "0": 0,
                "1": 1,
                "2": 1,
                "3": 0,
                "4": 1
            },
            "duration": 1.5908550118850746
        },
        "11": {
            "pos": {
                "x": 0.9169820251078087,
                "y": 0.3751431315727951
            },
            "skillset": {
                "0": 1,
                "1": 1,
                "2": 1,
                "3": 0,
                "4": 0
            },
            "duration": 1.5665280147928073
        },
        "12": {
            "pos": {
                "x": 0.7819015932890875,
                "y": 0.7295663682628989
            },
            "skillset": {
                "0": 1,
                "1": 0,
                "2": 0,
                "3": 1,
                "4": 1
            },
            "duration": 1.7880675832321835
        },
        "13": {
            "pos": {
                "x": 0.7373428426158386,
                "y": 0.455644593371049
            },
            "skillset": {
                "0": 1,
                "1": 1,
                "2": 1,
                "3": 0,
                "4": 1
            },
            "duration": 2.394029296588429
        },
        "14": {
            "pos": {
                "x": 0.6853336152660934,
                "y": 0.8373008844122413
            },
            "skillset": {
                "0": 0,
                "1": 0,
                "2": 0,
                "3": 1,
                "4": 1
            },
            "duration": 4.466333945472457
        },
        "15": {
            "pos": {
                "x": 0.2956929737894719,
                "y": 0.7631672813564926
            },
            "skillset": {
                "0": 0,
                "1": 0,
                "2": 0,
                "3": 0,
                "4": 1
            },
            "duration": 2.33171038628126
        },
        "16": {
            "pos": {
                "x": 0.4820033348551256,
                "y": 0.5343144694417364
            },
            "skillset": {
                "0": 0,
                "1": 1,
                "2": 1,
                "3": 0,
                "4": 0
            },
            "duration": 0.8820547068795204
        },
        "17": {
            "pos": {
                "x": 0.4648226294716957,
                "y": 0.37487735071832295
            },
            "skillset": {
                "0": 1,
                "1": 1,
                "2": 0,
                "3": 1,
                "4": 0
            },
            "duration": 2.6657033431572366
        },
        "18": {
            "pos": {
                "x": 0.7522522616715118,
                "y": 0.3918673241198446
            },
            "skillset": {
                "0": 1,
                "1": 1,
                "2": 1,
                "3": 1,
                "4": 0
            },
            "duration": 1.2983962659569437
        },
        "19": {
            "pos": {
                "x": 0.18129726846890626,
                "y": 0.7877380644214595
            },
            "skillset": {
                "0": 1,
                "1": 1,
                "2": 1,
                "3": 0,
                "4": 1
            },
            "duration": 3.1795128131190546
        }
    },
    "robots": {
        "0": {
            "pose": {
                "x": 0.9457125619000804,
                "y": 0.8748696622696762
            },
            "skillset": {
                "0": 1,
                "1": 0,
                "2": 0,
                "3": 0,
                "4": 0
            }
        },
        "1": {
            "pose": {
                "x": 0.9457125619000804,
                "y": 0.8748696622696762
            },
            "skillset": {
                "0": 1,
                "1": 0,
                "2": 0,
                "3": 0,
                "4": 0
            }
        },
        "2": {
            "pose": {
                "x": 0.9457125619000804,
                "y": 0.8748696622696762
            },
            "skillset": {
                "0": 1,
                "1": 0,
                "2": 0,
                "3": 0,