{
    "setup": {
        "robots": 15,
        "tasks": 20,
        "num_skills": 5,
        "robot_class": "WR",
        "task_class": "ST",
        "coverage": "SC"
    },
    "tasks": {
        "0": {
            "pos": {
                "x": 0.4187340498265366,
                "y": 0.6082263877734432
            },
            "skillset": {
                "0": 1,
                "1": 1,
                "2": 0,
                "3": 1,
                "4": 1
            },
            "duration": 4.685131841112018
        },
        "1": {
            "pos": {
                "x": 0.9529821723207942,
                "y": 0.179587818857323
            },
            "skillset": {
                "0": 0,
                "1": 1,
                "2": 0,
                "3": 1,
                "4": 0
            },
            "duration": 4.6001923931072275
        },
        "2": {
            "pos": {
                "x": 0.6435026764354848,
                "y": 0.6694787182846033
            },
            "skillset": {
                "0": 0,
                "1": 1,
                "2": 0,
                "3": 1,
                "4": 1
            },
            "duration": 0.4910413976061656
        },
        "3": {
            "pos": {
                "x": 0.5087016625967292,
                "y": 0.3412096877645894
            },
            "skillset": {
                "0": 0,
                "1": 1,
                "2": 0,
                "3": 1,
                "4": 1
            },
            "duration": 4.022022766378735
        },
        "4": {
            "pos": {
                "x": 0.16275688584806092,
                "y": 0.3776146216412337
            },
            "skillset": {
                "0": 1,
                "1": 1,
                "2": 1,
                "3": 0,
                "4": 0
            },
            "duration": 1.0514816198645016
        },
        "5": {
            "pos": {
                "x": 0.553792160943275,
                "y": 0.9725555093109688
            },
            "skillset": {
                "0": 1,
                "1": 0,
                "2": 0,
                "3": 0,
                "4": 1
            },
            "duration": 3.244018892666179
        },
        "6": {
            "pos": {
                "x": 0.27340915225562623,
                "y": 0.8590245930523531
            },
            "skillset": {
                "0": 1,
                "1": 0,
                "2": 0,
                "3": 1,
                "4": 1
            },
            "duration": 4.281006629557712
        },
        "7": {
            "pos": {
                "x": 0.7855572735072749,
                "y": 0.36718429361224947
            },
            "skillset": {
                "0": 0,
                "1": 1,
                "2": 1,
                "3": 1,
                "4": 1
            },
            "duration": 3.7335129681421995
        },
        "8": {
            "pos": {
                "x": 0.5757702789221953,
                "y": 0.02673177416148964
            },
            "skillset": {
                "0": 0,
                "1": 1,
                "2": 0,
                "3": 1,
                "4": 0
            },
            "duration": 0.29558116267484946
        },
        "9": {
            "pos": {
                "x": 0.9811644473190938,
                "y": 0.49254036226649056
            },
            "skillset": {
                "0": 1,
                "1": 1,
                "2": 0,
                "3": 0,
                "4": 0
            },
            "duration": 2.971460221318633
        },
        "10": {
            "pos": {
                "x": 0.153676515486051,
                "y": 0.7933967553526559
            },
            "skillset": {
                "0": 1,
                "1": 1,
                "2": 0,
                "3": 1,
                "4": 0
            },
            "duration": 0.8553503289329606
        },
        "11": {
            "pos": {
                "x": 0.8713925099253956,
                "y": 0.736505236153433
            },
            "skillset": {
                "0": 1,
                "1": 0,
                "2": 1,
                "3": 1,
                "4": 0
            },
            "duration": 4.140324407615768
        },
        "12": {
            "pos": {
                "x": 0.9830233856954337,
                "y": 0.2772718365351261
            },
            "skillset": {
                "0": 1,
                "1": 1,
                "2": 1,
                "3": 0,
                "4": 0
            },
            "duration": 1.1332080333418286
        },
        "13": {
            "pos": {
                "x": 0.5536755147648968,
                "y": 0.4402149424262105
            },
            "skillset": {
                "0": 0,
                "1": 1,
                "2": 0,
                "3": 1,
                "4": 0
            },
            "duration": 1.0294557973911567
        },
        "14": {
            "pos": {
                "x": 0.63838807263571,
                "y": 0.28049544657283987
            },
            "skillset": {
                "0": 0,
                "1": 0,
                "2": 1,
                "3": 0,
                "4": 1
            },
            "duration": 1.776237409761476
        },
        "15": {
            "pos": {
                "x": 0.6818725581997245,
                "y": 0.46767280253085475
            },
            "skillset": {
                "0": 1,
                "1": 0,
                "2": 0,
                "3": 1,
                "4": 0
            },
            "duration": 2.755719271015589
        },
        "16": {
            "pos": {
                "x": 0.38372448211571086,
                "y": 0.6988749739587282
            },
            "skillset": {
                "0": 1,
                "1": 1,
                "2": 1,
                "3": 0,
                "4": 0
            },
            "duration": 4.515593577387625
        },
        "17": {
            "pos": {
                "x": 0.2721769484295079,
                "y": 0.3307869943107612
            },
            "skillset": {
                "0": 1,
                "1": 1,
                "2": 1,
                "3": 0,
                "4": 1
            },
            "duration": 0.8930420974413772
        },
        "18": {
            "pos": {
                "x": 0.9977546508523147,
                "y": 0.3892849072310087
            },
            "skillset": {
                "0": 0,
                "1": 1,
                "2": 0,
                "3": 1,
                "4": 0
            },
            "duration": 4.201481422747484
        },
        "19": {
            "pos": {
                "x": 0.33814844723412574,
                "y": 0.9646416306688932
            },
            "skillset": {
                "0": 0,
                "1": 0,
                "2": 0,
                "3": 0,
                "4": 1
            },
            "duration": 2.1046462397871633
        }
    },
    "robots": {
        "0": {
            "pose": {
                "x": 0.01818255733579588,
                "y": 0.6300288655101504
            },
            "skillset": {
                "0": 1,
                "1": 0,
                "2": 0,
                "3": 0,
                "4": 0
            }
        },
        "1": {
            "pose": {
                "x": 0.01818255733579588,
                "y": 0.6300288655101504
            },
            "skillset": {
                "0": 1,
                "1": 0,
                "2": 0,
                "3": 0,
                "4": 0
            }
        },
        "2": {
            "pose": {
                "x": 0.01818255733579588,
                "y": 0.6300288655101504
            },
            "skillset": {
                "0": 1,
                "1": 0,
                "2": 0,
                "3": 0,