{
    "setup": {
        "robots": 15,
        "tasks": 20,
        "num_skills": 5,
        "robot_class": "WR",
        "task_class": "ST",
        "coverage": "SC"
    },
    "tasks": {
        "0": {
            "pos": {
                "x": 0.3816769939266941,
                "y": 0.07140493519976654
            },
            "skillset": {
                "0": 1,
                "1": 1,
                "2": 1,
                "3": 1,
                "4": 0
            },
            "duration": 2.2954409180160056
        },
        "1": {
            "pos": {
                "x": 0.693078530037033,
                "y": 0.056855987345937775
            },
            "skillset": {
                "0": 0,
                "1": 0,
                "2": 0,
                "3": 0,
                "4": 1
            },
            "duration": 3.6241061102658163
        },
        "2": {
            "pos": {
                "x": 0.46495492358440327,
                "y": 0.9979921406435989
            },
            "skillset": {
                "0": 1,
                "1": 0,
                "2": 1,
                "3": 1,
                "4": 0
            },
            "duration": 3.720539707854071
        },
        "3": {
            "pos": {
                "x": 0.40327737149551457,
                "y": 0.21053688182810426
            },
            "skillset": {
                "0": 0,
                "1": 1,
                "2": 0,
                "3": 0,
                "4": 1
            },
            "duration": 0.09651275917951452
        },
        "4": {
            "pos": {
                "x": 0.4086380290150051,
                "y": 0.26128071241183926
            },
            "skillset": {
                "0": 0,
                "1": 1,
                "2": 0,
                "3": 1,
                "4": 0
            },
            "duration": 1.0523819907346859
        },
        "5": {
            "pos": {
                "x": 0.20206420717734874,
                "y": 0.26087243024241236
            },
            "skillset": {
                "0": 1,
                "1": 1,
                "2": 1,
                "3": 1,
                "4": 0
            },
            "duration": 4.332523063660414
        },
        "6": {
            "pos": {
                "x": 0.3063549252089236,
                "y": 0.4572786139754772
            },
            "skillset": {
                "0": 1,
                "1": 1,
                "2": 0,
                "3": 0,
                "4": 0
            },
            "duration": 3.3616276836511605
        },
        "7": {
            "pos": {
                "x": 0.28303519112871733,
                "y": 0.6388979810541625
            },
            "skillset": {
                "0": 0,
                "1": 0,
                "2": 1,
                "3": 1,
                "4": 1
            },
            "duration": 3.950312099185498
        },
        "8": {
            "pos": {
                "x": 0.8573364404594027,
                "y": 0.024184162701581302
            },
            "skillset": {
                "0": 1,
                "1": 0,
                "2": 0,
                "3": 1,
                "4": 0
            },
            "duration": 3.7211881804737814
        },
        "9": {
            "pos": {
                "x": 0.4652808325899911,
                "y": 0.6165848658734696
            },
            "skillset": {
                "0": 0,
                "1": 1,
                "2": 1,
                "3": 0,
                "4": 1
            },
            "duration": 2.970019802571684
        },
        "10": {
            "pos": {
                "x": 0.4749868707315896,
                "y": 0.6609435988086897
            },
            "skillset": {
                "0": 1,
                "1": 1,
                "2": 1,
                "3": 0,
                "4": 1
            },
            "duration": 1.6177048570713097
        },
        "11": {
            "pos": {
                "x": 0.20523062309514328,
                "y": 0.9350355883953334
            },
            "skillset": {
                "0": 1,
                "1": 0,
                "2": 0,
                "3": 0,
                "4": 1
            },
            "duration": 1.4288291190434532
        },
        "12": {
            "pos": {
                "x": 0.995911552886016,
                "y": 0.8289105211604464
            },
            "skillset": {
                "0": 0,
                "1": 0,
                "2": 0,
                "3": 1,
                "4": 1
            },
            "duration": 3.104260430970058
        },
        "13": {
            "pos": {
                "x": 0.5845569822968734,
                "y": 0.8330753226574488
            },
            "skillset": {
                "0": 0,
                "1": 0,
                "2": 0,
                "3": 1,
                "4": 0
            },
            "duration": 3.0891064100896686
        },
        "14": {
            "pos": {
                "x": 0.6729038121670302,
                "y": 0.8656136356637586
            },
            "skillset": {
                "0": 1,
                "1": 0,
                "2": 0,
                "3": 0,
                "4": 0
            },
            "duration": 4.592751397275354
        },
        "15": {
            "pos": {
                "x": 0.4990996678747829,
                "y": 0.28223715925256065
            },
            "skillset": {
                "0": 0,
                "1": 1,
                "2": 0,
                "3": 1,
                "4": 0
            },
            "duration": 3.1282480388398732
        },
        "16": {
            "pos": {
                "x": 0.5579053964126072,
                "y": 0.4955704229798167
            },
            "skillset": {
                "0": 0,
                "1": 0,
                "2": 0,
                "3": 0,
                "4": 1
            },
            "duration": 2.833060297830568
        },
        "17": {
            "pos": {
                "x": 0.20966870685759553,
                "y": 0.6729620352883734
            },
            "skillset": {
                "0": 1,
                "1": 0,
                "2": 0,
                "3": 1,
                "4": 1
            },
            "duration": 0.08415952012564176
        },
        "18": {
            "pos": {
                "x": 0.7308324490835291,
                "y": 0.26399235896612927
            },
            "skillset": {
                "0": 1,
                "1": 0,
                "2": 1,
                "3": 0,
                "4": 1
            },
            "duration": 3.3011747282397224
        },
        "19": {
            "pos": {
                "x": 0.16369294996105477,
                "y": 0.581340180695138
            },
            "skillset": {
                "0": 1,
                "1": 1,
                "2": 0,
                "3": 0,
                "4": 1
            },
            "duration": 4.394633160506716
        }
    },
    "robots": {
        "0": {
            "pose": {
                "x": 0.7745174406848149,
                "y": 0.8688039931378365
            },
            "skillset": {
                "0": 1,
                "1": 0,
                "2": 0,
                "3": 0,
                "4": 0
            }
        },
        "1": {
            "pose": {
                "x": 0.7745174406848149,
                "y": 0.8688039931378365
            },
            "skillset": {
                "0": 1,
                "1": 0,
                "2": 0,
                "3": 0,
                "4": 0
            }
        },
        "2": {
            "pose": {
                "x": 0.7745174406848149,
                "y": 0.8688039931378365
            },
            "skillset": {
                "0": 1,
                "1": 0,
                "2": 0,