{
    "setup": {
        "robots": 15,
        "tasks": 20,
        "num_skills": 5,
        "robot_class": "WR",
        "task_class": "ST",
        "coverage": "SC"
    },
    "tasks": {
        "0": {
            "pos": {
                "x": 0.39375188959884166,
                "y": 0.3752554040086177
            },
            "skillset": {
                "0": 1,
                "1": 1,
                "2": 0,
                "3": 1,
                "4": 0
            },
            "duration": 1.2505132231893352
        },
        "1": {
            "pos": {
                "x": 0.5736874652076226,
                "y": 0.04818347967193848
            },
            "skillset": {
                "0": 1,
                "1": 1,
                "2": 0,
                "3": 1,
                "4": 1
            },
            "duration": 0.6423981577468774
        },
        "2": {
            "pos": {
                "x": 0.7973798096560824,
                "y": 0.7327858465046264
            },
            "skillset": {
                "0": 0,
                "1": 1,
                "2": 0,
                "3": 0,
                "4": 1
            },
            "duration": 4.2835358240793795
        },
        "3": {
            "pos": {
                "x": 0.09407911370046262,
                "y": 0.7123482452040116
            },
            "skillset": {
                "0": 1,
                "1": 1,
                "2": 1,
                "3": 0,
                "4": 0
            },
            "duration": 0.26926082440361987
        },
        "4": {
            "pos": {
                "x": 0.3392569128872934,
                "y": 0.4322101133232541
            },
            "skillset": {
                "0": 1,
                "1": 0,
                "2": 1,
                "3": 0,
                "4": 0
            },
            "duration": 3.7003960035265866
        },
        "5": {
            "pos": {
                "x": 0.2015139803664464,
                "y": 0.687984645281792
            },
            "skillset": {
                "0": 0,
                "1": 0,
                "2": 0,
                "3": 0,
                "4": 1
            },
            "duration": 4.455843627153455
        },
        "6": {
            "pos": {
                "x": 0.5778710851341654,
                "y": 0.02293302560771593
            },
            "skillset": {
                "0": 1,
                "1": 1,
                "2": 1,
                "3": 1,
                "4": 1
            },
            "duration": 0.6745192166782527
        },
        "7": {
            "pos": {
                "x": 0.14952960128177806,
                "y": 0.7323890790736259
            },
            "skillset": {
                "0": 0,
                "1": 0,
                "2": 1,
                "3": 0,
                "4": 0
            },
            "duration": 2.576305652135582
        },
        "8": {
            "pos": {
                "x": 0.1344113292815855,
                "y": 0.46681792786153997
            },
            "skillset": {
                "0": 0,
                "1": 0,
                "2": 1,
                "3": 1,
                "4": 0
            },
            "duration": 4.877928105177011
        },
        "9": {
            "pos": {
                "x": 0.6691256515080316,
                "y": 0.16968739273817668
            },
            "skillset": {
                "0": 0,
                "1": 1,
                "2": 1,
                "3": 1,
                "4": 1
            },
            "duration": 0.7521291778190209
        },
        "10": {
            "pos": {
                "x": 0.4978533325455309,
                "y": 0.42019395639774293
            },
            "skillset": {
                "0": 0,
                "1": 1,
                "2": 1,
                "3": 1,
                "4": 0
            },
            "duration": 4.1709243093604345
        },
        "11": {
            "pos": {
                "x": 0.14039248509797986,
                "y": 0.7886851061813932
            },
            "skillset": {
                "0": 1,
                "1": 0,
                "2": 0,
                "3": 1,
                "4": 1
            },
            "duration": 3.3595707516516864
        },
        "12": {
            "pos": {
                "x": 0.08250022299845983,
                "y": 0.826525405050948
            },
            "skillset": {
                "0": 1,
                "1": 0,
                "2": 0,
                "3": 0,
                "4": 1
            },
            "duration": 0.36067021739088434
        },
        "13": {
            "pos": {
                "x": 0.32588645600016974,
                "y": 0.35923676797113535
            },
            "skillset": {
                "0": 1,
                "1": 1,
                "2": 1,
                "3": 1,
                "4": 1
            },
            "duration": 0.8534808737226512
        },
        "14": {
            "pos": {
                "x": 0.22410953014246215,
                "y": 0.854543691105177
            },
            "skillset": {
                "0": 0,
                "1": 0,
                "2": 1,
                "3": 1,
                "4": 0
            },
            "duration": 4.618686185695317
        },
        "15": {
            "pos": {
                "x": 0.9975450443820443,
                "y": 0.1884206302591519
            },
            "skillset": {
                "0": 1,
                "1": 1,
                "2": 0,
                "3": 0,
                "4": 1
            },
            "duration": 0.32722260156898
        },
        "16": {
            "pos": {
                "x": 0.6285258449800974,
                "y": 0.04313499373837193
            },
            "skillset": {
                "0": 1,
                "1": 0,
                "2": 1,
                "3": 0,
                "4": 0
            },
            "duration": 1.7800057969634697
        },
        "17": {
            "pos": {
                "x": 0.397702317220219,
                "y": 0.2198958989071541
            },
            "skillset": {
                "0": 0,
                "1": 0,
                "2": 0,
                "3": 1,
                "4": 1
            },
            "duration": 0.17393472698153611
        },
        "18": {
            "pos": {
                "x": 0.6323356744049501,
                "y": 0.20286222998957681
            },
            "skillset": {
                "0": 1,
                "1": 0,
                "2": 0,
                "3": 1,
                "4": 0
            },
            "duration": 1.2885564312037996
        },
        "19": {
            "pos": {
                "x": 0.6121942546790747,
                "y": 0.961225854623209
            },
            "skillset": {
                "0": 1,
                "1": 0,
                "2": 0,
                "3": 0,
                "4": 1
            },
            "duration": 1.0698183439848608
        }
    },
    "robots": {
        "0": {
            "pose": {
                "x": 0.042503945646459096,
                "y": 0.2435405036457181
            },
            "skillset": {
                "0": 1,
                "1": 0,
                "2": 0,
                "3": 0,
                "4": 0
            }
        },
        "1": {
            "pose": {
                "x": 0.042503945646459096,
                "y": 0.2435405036457181
            },
            "skillset": {
                "0": 1,
                "1": 0,
                "2": 0,
                "3": 0,
                "4": 0
            }
        },
        "2": {
            "pose": {
                "x": 0.042503945646459096,
                "y": 0.2435405036457181
            },
            "skillset": {
                "0": 1,
                "1": 0,
                "2": 0,