{
    "setup": {
        "robots": 15,
        "tasks": 20,
        "num_skills": 5,
        "robot_class": "WR",
        "task_class": "ST",
        "coverage": "SC"
    },
    "tasks": {
        "0": {
            "pos": {
                "x": 0.45553451579459125,
                "y": 0.45817688029920656
            },
            "skillset": {
                "0": 0,
                "1": 0,
                "2": 1,
                "3": 0,
                "4": 0
            },
            "duration": 3.168603809693863
        },
        "1": {
            "pos": {
                "x": 0.3310923439659974,
                "y": 0.5676814286634063
            },
            "skillset": {
                "0": 0,
                "1": 1,
                "2": 1,
                "3": 0,
                "4": 1
            },
            "duration": 1.6567958263996074
        },
        "2": {
            "pos": {
                "x": 0.36532924653511856,
                "y": 0.6338885244775093
            },
            "skillset": {
                "0": 0,
                "1": 1,
                "2": 0,
                "3": 0,
                "4": 1
            },
            "duration": 3.3021124621794278
        },
        "3": {
            "pos": {
                "x": 0.4373841999534275,
                "y": 0.9432085648805373
            },
            "skillset": {
                "0": 0,
                "1": 0,
                "2": 0,
                "3": 1,
                "4": 1
            },
            "duration": 4.854131579827054
        },
        "4": {
            "pos": {
                "x": 0.40894287906651205,
                "y": 0.8641049629674031
            },
            "skillset": {
                "0": 0,
                "1": 0,
                "2": 0,
                "3": 1,
                "4": 1
            },
            "duration": 3.0183193290274795
        },
        "5": {
            "pos": {
                "x": 0.38734608432139517,
                "y": 0.5814100616336734
            },
            "skillset": {
                "0": 1,
                "1": 1,
                "2": 0,
                "3": 0,
                "4": 0
            },
            "duration": 4.6246337034688425
        },
        "6": {
            "pos": {
                "x": 0.6628276171313756,
                "y": 0.9913125921459818
            },
            "skillset": {
                "0": 0,
                "1": 1,
                "2": 1,
                "3": 1,
                "4": 0
            },
            "duration": 0.15547880375885947
        },
        "7": {
            "pos": {
                "x": 0.29555635387643053,
                "y": 0.6453081964580185
            },
            "skillset": {
                "0": 1,
                "1": 0,
                "2": 1,
                "3": 1,
                "4": 1
            },
            "duration": 1.6929586127218332
        },
        "8": {
            "pos": {
                "x": 0.3747310323206887,
                "y": 0.21512625092768312
            },
            "skillset": {
                "0": 1,
                "1": 0,
                "2": 1,
                "3": 1,
                "4": 1
            },
            "duration": 1.8636497288947362
        },
        "9": {
            "pos": {
                "x": 0.37849895789554133,
                "y": 0.17104329645333638
            },
            "skillset": {
                "0": 0,
                "1": 0,
                "2": 1,
                "3": 0,
                "4": 0
            },
            "duration": 4.514175030072256
        },
        "10": {
            "pos": {
                "x": 0.5775672378683706,
                "y": 0.5255052518736212
            },
            "skillset": {
                "0": 0,
                "1": 0,
                "2": 0,
                "3": 1,
                "4": 0
            },
            "duration": 0.210221412699112
        },
        "11": {
            "pos": {
                "x": 0.836682517807866,
                "y": 0.5559127418703935
            },
            "skillset": {
                "0": 1,
                "1": 1,
                "2": 0,
                "3": 0,
                "4": 0
            },
            "duration": 0.24083930237677464
        },
        "12": {
            "pos": {
                "x": 0.387582903549221,
                "y": 0.15220260855367806
            },
            "skillset": {
                "0": 0,
                "1": 0,
                "2": 1,
                "3": 0,
                "4": 0
            },
            "duration": 2.444923132863484
        },
        "13": {
            "pos": {
                "x": 0.42294412211823407,
                "y": 0.22166166951473432
            },
            "skillset": {
                "0": 0,
                "1": 1,
                "2": 0,
                "3": 0,
                "4": 0
            },
            "duration": 4.437583168860295
        },
        "14": {
            "pos": {
                "x": 0.517920283720866,
                "y": 0.2443759705967895
            },
            "skillset": {
                "0": 1,
                "1": 0,
                "2": 0,
                "3": 0,
                "4": 1
            },
            "duration": 1.1629924245713497
        },
        "15": {
            "pos": {
                "x": 0.4242689020416789,
                "y": 0.9064879805523915
            },
            "skillset": {
                "0": 0,
                "1": 1,
                "2": 1,
                "3": 0,
                "4": 0
            },
            "duration": 4.665968502703179
        },
        "16": {
            "pos": {
                "x": 0.3981976842150371,
                "y": 0.9523527650060603
            },
            "skillset": {
                "0": 1,
                "1": 1,
                "2": 0,
                "3": 1,
                "4": 0
            },
            "duration": 1.9003505510613223
        },
        "17": {
            "pos": {
                "x": 0.3283616786233905,
                "y": 0.8273376638593131
            },
            "skillset": {
                "0": 1,
                "1": 1,
                "2": 1,
                "3": 1,
                "4": 0
            },
            "duration": 2.0376781298373734
        },
        "18": {
            "pos": {
                "x": 0.8331553762005328,
                "y": 0.7825125838176833
            },
            "skillset": {
                "0": 1,
                "1": 0,
                "2": 0,
                "3": 1,
                "4": 0
            },
            "duration": 1.7678231738698207
        },
        "19": {
            "pos": {
                "x": 0.8842872905603898,
                "y": 0.5980770377734554
            },
            "skillset": {
                "0": 0,
                "1": 1,
                "2": 1,
                "3": 0,
                "4": 1
            },
            "duration": 1.8266314975125035
        }
    },
    "robots": {
        "0": {
            "pose": {
                "x": 0.896239614020608,
                "y": 0.3911634690396635
            },
            "skillset": {
                "0": 1,
                "1": 0,
                "2": 0,
                "3": 0,
                "4": 0
            }
        },
        "1": {
            "pose": {
                "x": 0.896239614020608,
                "y": 0.3911634690396635
            },
            "skillset": {
                "0": 1,
                "1": 0,
                "2": 0,
                "3": 0,
                "4": 0
            }
        },
        "2": {
            "pose": {
                "x": 0.896239614020608,
                "y": 0.3911634690396635
            },
            "skillset": {
                "0": 1,
                "1": 0,
                "2": 0,