{
    "setup": {
        "robots": 15,
        "tasks": 20,
        "num_skills": 5,
        "robot_class": "WR",
        "task_class": "ST",
        "coverage": "SC"
    },
    "tasks": {
        "0": {
            "pos": {
                "x": 0.6922222746448299,
                "y": 0.6353867998907108
            },
            "skillset": {
                "0": 1,
                "1": 1,
                "2": 0,
                "3": 1,
                "4": 0
            },
            "duration": 2.458878500094181
        },
        "1": {
            "pos": {
                "x": 0.3765125255876922,
                "y": 0.7985233458061055
            },
            "skillset": {
                "0": 1,
                "1": 1,
                "2": 0,
                "3": 1,
                "4": 0
            },
            "duration": 2.7660300297462443
        },
        "2": {
            "pos": {
                "x": 0.19402547600704456,
                "y": 0.3904589137977216
            },
            "skillset": {
                "0": 0,
                "1": 0,
                "2": 1,
                "3": 0,
                "4": 0
            },
            "duration": 0.531310255993786
        },
        "3": {
            "pos": {
                "x": 0.797933886097021,
                "y": 0.3804753706433236
            },
            "skillset": {
                "0": 0,
                "1": 0,
                "2": 0,
                "3": 0,
                "4": 1
            },
            "duration": 4.321877815505663
        },
        "4": {
            "pos": {
                "x": 0.7132578641244521,
                "y": 0.6125178041653119
            },
            "skillset": {
                "0": 0,
                "1": 1,
                "2": 1,
                "3": 0,
                "4": 0
            },
            "duration": 1.39348159517156
        },
        "5": {
            "pos": {
                "x": 0.9410009752426018,
                "y": 0.9916767169901963
            },
            "skillset": {
                "0": 0,
                "1": 0,
                "2": 1,
                "3": 0,
                "4": 1
            },
            "duration": 2.2356166078718664
        },
        "6": {
            "pos": {
                "x": 0.7236762546507963,
                "y": 0.8088438090346699
            },
            "skillset": {
                "0": 1,
                "1": 1,
                "2": 0,
                "3": 0,
                "4": 1
            },
            "duration": 0.28629298357874366
        },
        "7": {
            "pos": {
                "x": 0.15286502314567285,
                "y": 0.7128902625665684
            },
            "skillset": {
                "0": 0,
                "1": 1,
                "2": 1,
                "3": 1,
                "4": 0
            },
            "duration": 0.013726032041189162
        },
        "8": {
            "pos": {
                "x": 0.8476243802545339,
                "y": 0.40122574799263144
            },
            "skillset": {
                "0": 1,
                "1": 1,
                "2": 1,
                "3": 0,
                "4": 0
            },
            "duration": 0.9757976079849312
        },
        "9": {
            "pos": {
                "x": 0.5532500397935409,
                "y": 0.4794877517608621
            },
            "skillset": {
                "0": 1,
                "1": 0,
                "2": 0,
                "3": 0,
                "4": 1
            },
            "duration": 1.708375920591703
        },
        "10": {
            "pos": {
                "x": 0.9585229997993715,
                "y": 0.3172778402767157
            },
            "skillset": {
                "0": 0,
                "1": 1,
                "2": 0,
                "3": 0,
                "4": 1
            },
            "duration": 4.6405671050728685
        },
        "11": {
            "pos": {
                "x": 0.40208452693776586,
                "y": 0.0009197891108657652
            },
            "skillset": {
                "0": 1,
                "1": 1,
                "2": 1,
                "3": 0,
                "4": 0
            },
            "duration": 4.448641442547737
        },
        "12": {
            "pos": {
                "x": 0.42018453469313044,
                "y": 0.6314361061322901
            },
            "skillset": {
                "0": 1,
                "1": 1,
                "2": 1,
                "3": 0,
                "4": 0
            },
            "duration": 2.402505083230732
        },
        "13": {
            "pos": {
                "x": 0.9349610941866503,
                "y": 0.9236765847577346
            },
            "skillset": {
                "0": 1,
                "1": 0,
                "2": 0,
                "3": 1,
                "4": 0
            },
            "duration": 2.2737990929129066
        },
        "14": {
            "pos": {
                "x": 0.32734981332409785,
                "y": 0.9888610256190192
            },
            "skillset": {
                "0": 1,
                "1": 0,
                "2": 0,
                "3": 1,
                "4": 0
            },
            "duration": 3.3349652192694035
        },
        "15": {
            "pos": {
                "x": 0.1876749402345188,
                "y": 0.8232520180360315
            },
            "skillset": {
                "0": 0,
                "1": 0,
                "2": 0,
                "3": 0,
                "4": 1
            },
            "duration": 4.2937745122992705
        },
        "16": {
            "pos": {
                "x": 0.15725948708404458,
                "y": 0.40509865286115954
            },
            "skillset": {
                "0": 1,
                "1": 0,
                "2": 0,
                "3": 1,
                "4": 1
            },
            "duration": 1.6864875287434948
        },
        "17": {
            "pos": {
                "x": 0.07347331180727756,
                "y": 0.8580389311980173
            },
            "skillset": {
                "0": 0,
                "1": 0,
                "2": 0,
                "3": 0,
                "4": 1
            },
            "duration": 3.9682726387932803
        },
        "18": {
            "pos": {
                "x": 0.8287980709765224,
                "y": 0.13978929854271627
            },
            "skillset": {
                "0": 1,
                "1": 1,
                "2": 0,
                "3": 1,
                "4": 1
            },
            "duration": 1.9949362654402192
        },
        "19": {
            "pos": {
                "x": 0.5271064765570825,
                "y": 0.2581414969163064
            },
            "skillset": {
                "0": 0,
                "1": 1,
                "2": 0,
                "3": 0,
                "4": 1
            },
            "duration": 2.970269411938537
        }
    },
    "robots": {
        "0": {
            "pose": {
                "x": 0.08582579108682997,
                "y": 0.84492680147361
            },
            "skillset": {
                "0": 1,
                "1": 0,
                "2": 0,
                "3": 0,
                "4": 0
            }
        },
        "1": {
            "pose": {
                "x": 0.08582579108682997,
                "y": 0.84492680147361
            },
            "skillset": {
                "0": 1,
                "1": 0,
                "2": 0,
                "3": 0,
                "4": 0
            }
        },
        "2": {
            "pose": {
                "x": 0.08582579108682997,
                "y": 0.84492680147361
            },
            "skillset": {
                "0": 1,
                "1": 0,
                "2": 0,