{
    "setup": {
        "robots": 15,
        "tasks": 20,
        "num_skills": 5,
        "robot_class": "WR",
        "task_class": "ST",
        "coverage": "SC"
    },
    "tasks": {
        "0": {
            "pos": {
                "x": 0.8088618243873783,
                "y": 0.9146637788520677
            },
            "skillset": {
                "0": 0,
                "1": 0,
                "2": 1,
                "3": 1,
                "4": 0
            },
            "duration": 3.080499416570412
        },
        "1": {
            "pos": {
                "x": 0.8736125009598502,
                "y": 0.12104296905317202
            },
            "skillset": {
                "0": 0,
                "1": 1,
                "2": 0,
                "3": 1,
                "4": 1
            },
            "duration": 1.967182046897518
        },
        "2": {
            "pos": {
                "x": 0.8007555132318277,
                "y": 0.6963875498968262
            },
            "skillset": {
                "0": 0,
                "1": 0,
                "2": 1,
                "3": 1,
                "4": 1
            },
            "duration": 2.043500621028302
        },
        "3": {
            "pos": {
                "x": 0.058140930873061714,
                "y": 0.1449650350488536
            },
            "skillset": {
                "0": 0,
                "1": 1,
                "2": 1,
                "3": 1,
                "4": 1
            },
            "duration": 3.1387253925464575
        },
        "4": {
            "pos": {
                "x": 0.3878642243635849,
                "y": 0.4352847955821899
            },
            "skillset": {
                "0": 1,
                "1": 1,
                "2": 1,
                "3": 1,
                "4": 0
            },
            "duration": 2.055582279340822
        },
        "5": {
            "pos": {
                "x": 0.6674563512576874,
                "y": 0.6219619907675039
            },
            "skillset": {
                "0": 1,
                "1": 0,
                "2": 1,
                "3": 1,
                "4": 0
            },
            "duration": 2.5836738636373964
        },
        "6": {
            "pos": {
                "x": 0.6029149301792807,
                "y": 0.23831814191681744
            },
            "skillset": {
                "0": 0,
                "1": 1,
                "2": 0,
                "3": 1,
                "4": 0
            },
            "duration": 3.2900923067659686
        },
        "7": {
            "pos": {
                "x": 0.979211493710586,
                "y": 0.8951645056096625
            },
            "skillset": {
                "0": 0,
                "1": 1,
                "2": 1,
                "3": 1,
                "4": 0
            },
            "duration": 2.0446227681780864
        },
        "8": {
            "pos": {
                "x": 0.26606078598800054,
                "y": 0.9025754732228304
            },
            "skillset": {
                "0": 1,
                "1": 1,
                "2": 0,
                "3": 0,
                "4": 0
            },
            "duration": 3.60733051687004
        },
        "9": {
            "pos": {
                "x": 0.8006250259076851,
                "y": 0.32385785326261984
            },
            "skillset": {
                "0": 0,
                "1": 0,
                "2": 1,
                "3": 0,
                "4": 0
            },
            "duration": 4.944896926892077
        },
        "10": {
            "pos": {
                "x": 0.8403944020715173,
                "y": 0.6508971419302555
            },
            "skillset": {
                "0": 0,
                "1": 0,
                "2": 1,
                "3": 0,
                "4": 0
            },
            "duration": 4.727285193252632
        },
        "11": {
            "pos": {
                "x": 0.5923922246228398,
                "y": 0.34672997172138054
            },
            "skillset": {
                "0": 1,
                "1": 1,
                "2": 1,
                "3": 1,
                "4": 0
            },
            "duration": 0.45076163694758864
        },
        "12": {
            "pos": {
                "x": 0.02476964575209828,
                "y": 0.9126757408858174
            },
            "skillset": {
                "0": 1,
                "1": 0,
                "2": 1,
                "3": 1,
                "4": 1
            },
            "duration": 3.741398831260821
        },
        "13": {
            "pos": {
                "x": 0.9028088716609197,
                "y": 0.5491399123906913
            },
            "skillset": {
                "0": 1,
                "1": 0,
                "2": 1,
                "3": 0,
                "4": 0
            },
            "duration": 1.9781833063493033
        },
        "14": {
            "pos": {
                "x": 0.6337506050147802,
                "y": 0.7896875804987649
            },
            "skillset": {
                "0": 1,
                "1": 1,
                "2": 1,
                "3": 1,
                "4": 1
            },
            "duration": 2.7117685751469507
        },
        "15": {
            "pos": {
                "x": 0.004689023337393294,
                "y": 0.22055457599378658
            },
            "skillset": {
                "0": 0,
                "1": 1,
                "2": 1,
                "3": 0,
                "4": 1
            },
            "duration": 0.30778817063876196
        },
        "16": {
            "pos": {
                "x": 0.07432230476421886,
                "y": 0.9722129836392516
            },
            "skillset": {
                "0": 1,
                "1": 0,
                "2": 0,
                "3": 0,
                "4": 1
            },
            "duration": 4.831159201044414
        },
        "17": {
            "pos": {
                "x": 0.46887548390053335,
                "y": 0.3835594295100945
            },
            "skillset": {
                "0": 0,
                "1": 0,
                "2": 0,
                "3": 1,
                "4": 1
            },
            "duration": 4.226124650753086
        },
        "18": {
            "pos": {
                "x": 0.7875447393240118,
                "y": 0.48899830592563276
            },
            "skillset": {
                "0": 1,
                "1": 1,
                "2": 1,
                "3": 0,
                "4": 0
            },
            "duration": 4.633656038397422
        },
        "19": {
            "pos": {
                "x": 0.5395206334034173,
                "y": 0.9597851398225
            },
            "skillset": {
                "0": 1,
                "1": 1,
                "2": 0,
                "3": 0,
                "4": 1
            },
            "duration": 0.5994930686481981
        }
    },
    "robots": {
        "0": {
            "pose": {
                "x": 0.47588021140432135,
                "y": 0.06847896734125603
            },
            "skillset": {
                "0": 1,
                "1": 0,
                "2": 0,
                "3": 0,
                "4": 0
            }
        },
        "1": {
            "pose": {
                "x": 0.47588021140432135,
                "y": 0.06847896734125603
            },
            "skillset": {
                "0": 1,
                "1": 0,
                "2": 0,
                "3": 0,
                "4": 0
            }
        },
        "2": {
            "pose": {
                "x": 0.47588021140432135,
                "y": 0.06847896734125603
            },
            "skillset": {
                "0": 1,
                "1": 0,
                "2": 0,