{
    "setup": {
        "robots": 15,
        "tasks": 20,
        "num_skills": 5,
        "robot_class": "WR",
        "task_class": "ST",
        "coverage": "SC"
    },
    "tasks": {
        "0": {
            "pos": {
                "x": 0.20577504822901882,
                "y": 0.8509011245916515
            },
            "skillset": {
                "0": 1,
                "1": 0,
                "2": 0,
                "3": 0,
                "4": 0
            },
            "duration": 2.6387496660675165
        },
        "1": {
            "pos": {
                "x": 0.16898731132708622,
                "y": 0.9643577208942796
            },
            "skillset": {
                "0": 1,
                "1": 1,
                "2": 1,
                "3": 0,
                "4": 0
            },
            "duration": 1.0261624622504395
        },
        "2": {
            "pos": {
                "x": 0.6236927281061517,
                "y": 0.6068837880100147
            },
            "skillset": {
                "0": 0,
                "1": 0,
                "2": 1,
                "3": 0,
                "4": 0
            },
            "duration": 3.706287615971844
        },
        "3": {
            "pos": {
                "x": 0.9705587631326238,
                "y": 0.787032713788771
            },
            "skillset": {
                "0": 0,
                "1": 1,
                "2": 1,
                "3": 0,
                "4": 0
            },
            "duration": 1.943486152083684
        },
        "4": {
            "pos": {
                "x": 0.7899174760885543,
                "y": 0.054093757870965264
            },
            "skillset": {
                "0": 0,
                "1": 0,
                "2": 1,
                "3": 1,
                "4": 0
            },
            "duration": 1.902365820664012
        },
        "5": {
            "pos": {
                "x": 0.3692863060944199,
                "y": 0.08489477216546804
            },
            "skillset": {
                "0": 0,
                "1": 1,
                "2": 1,
                "3": 0,
                "4": 1
            },
            "duration": 4.547272898846485
        },
        "6": {
            "pos": {
                "x": 0.1935275814655144,
                "y": 0.2138669906921472
            },
            "skillset": {
                "0": 1,
                "1": 1,
                "2": 1,
                "3": 0,
                "4": 0
            },
            "duration": 1.964852219776045
        },
        "7": {
            "pos": {
                "x": 0.8586419321659043,
                "y": 0.1267549797183054
            },
            "skillset": {
                "0": 1,
                "1": 1,
                "2": 1,
                "3": 1,
                "4": 0
            },
            "duration": 1.7442578857577833
        },
        "8": {
            "pos": {
                "x": 0.29675776838944945,
                "y": 0.4928469789243326
            },
            "skillset": {
                "0": 1,
                "1": 0,
                "2": 0,
                "3": 1,
                "4": 1
            },
            "duration": 1.7400986767912807
        },
        "9": {
            "pos": {
                "x": 0.8494604111895369,
                "y": 0.9652314208373755
            },
            "skillset": {
                "0": 0,
                "1": 0,
                "2": 0,
                "3": 0,
                "4": 1
            },
            "duration": 2.4038278515129097
        },
        "10": {
            "pos": {
                "x": 0.7081447706872417,
                "y": 0.21368721943054814
            },
            "skillset": {
                "0": 1,
                "1": 1,
                "2": 0,
                "3": 0,
                "4": 0
            },
            "duration": 0.466460543757069
        },
        "11": {
            "pos": {
                "x": 0.5449826814580041,
                "y": 0.7059590429868869
            },
            "skillset": {
                "0": 1,
                "1": 0,
                "2": 0,
                "3": 0,
                "4": 1
            },
            "duration": 2.733737039728573
        },
        "12": {
            "pos": {
                "x": 0.05188252772662516,
                "y": 0.6798841672240714
            },
            "skillset": {
                "0": 1,
                "1": 0,
                "2": 0,
                "3": 0,
                "4": 1
            },
            "duration": 4.607137310168908
        },
        "13": {
            "pos": {
                "x": 0.3682818351390811,
                "y": 0.5897002867792083
            },
            "skillset": {
                "0": 1,
                "1": 1,
                "2": 1,
                "3": 1,
                "4": 0
            },
            "duration": 2.8146103243986835
        },
        "14": {
            "pos": {
                "x": 0.6695332811416651,
                "y": 0.6691274961459358
            },
            "skillset": {
                "0": 1,
                "1": 1,
                "2": 0,
                "3": 0,
                "4": 0
            },
            "duration": 3.7195510367527356
        },
        "15": {
            "pos": {
                "x": 0.5230497755258564,
                "y": 0.5547374324650892
            },
            "skillset": {
                "0": 1,
                "1": 0,
                "2": 1,
                "3": 1,
                "4": 0
            },
            "duration": 4.7357033158283866
        },
        "16": {
            "pos": {
                "x": 0.19814971361353295,
                "y": 0.49518739153540214
            },
            "skillset": {
                "0": 0,
                "1": 1,
                "2": 1,
                "3": 1,
                "4": 0
            },
            "duration": 4.21057693549457
        },
        "17": {
            "pos": {
                "x": 0.12540947264525315,
                "y": 0.48074700192606445
            },
            "skillset": {
                "0": 1,
                "1": 0,
                "2": 1,
                "3": 1,
                "4": 0
            },
            "duration": 3.7200317180624056
        },
        "18": {
            "pos": {
                "x": 0.5362449255698115,
                "y": 0.7741048163103185
            },
            "skillset": {
                "0": 1,
                "1": 1,
                "2": 0,
                "3": 1,
                "4": 0
            },
            "duration": 4.065818695972804
        },
        "19": {
            "pos": {
                "x": 0.3936647929941859,
                "y": 0.019600418551609544
            },
            "skillset": {
                "0": 0,
                "1": 1,
                "2": 1,
                "3": 1,
                "4": 0
            },
            "duration": 4.100695208134784
        }
    },
    "robots": {
        "0": {
            "pose": {
                "x": 0.47968392351227496,
                "y": 0.14633456975819847
            },
            "skillset": {
                "0": 1,
                "1": 0,
                "2": 0,
                "3": 0,
                "4": 0
            }
        },
        "1": {
            "pose": {
                "x": 0.47968392351227496,
                "y": 0.14633456975819847
            },
            "skillset": {
                "0": 1,
                "1": 0,
                "2": 0,
                "3": 0,
                "4": 0
            }
        },
        "2": {
            "pose": {
                "x": 0.47968392351227496,
                "y": 0.14633456975819847
            },
            "skillset": {
                "0": 1,
                "1": 0,
                "2": 0,