{
    "setup": {
        "robots": 15,
        "tasks": 20,
        "num_skills": 5,
        "robot_class": "WR",
        "task_class": "ST",
        "coverage": "SC"
    },
    "tasks": {
        "0": {
            "pos": {
                "x": 0.7488226638549501,
                "y": 0.4905513349282411
            },
            "skillset": {
                "0": 1,
                "1": 0,
                "2": 0,
                "3": 0,
                "4": 0
            },
            "duration": 4.731326473659713
        },
        "1": {
            "pos": {
                "x": 0.9770157171203504,
                "y": 0.12510345542793522
            },
            "skillset": {
                "0": 1,
                "1": 1,
                "2": 1,
                "3": 0,
                "4": 1
            },
            "duration": 1.818457338684654
        },
        "2": {
            "pos": {
                "x": 0.9526848666826935,
                "y": 0.5009196720332697
            },
            "skillset": {
                "0": 1,
                "1": 0,
                "2": 1,
                "3": 1,
                "4": 0
            },
            "duration": 4.364714528751825
        },
        "3": {
            "pos": {
                "x": 0.48338819501772246,
                "y": 0.8490906814630912
            },
            "skillset": {
                "0": 0,
                "1": 0,
                "2": 0,
                "3": 1,
                "4": 0
            },
            "duration": 1.6664290808064652
        },
        "4": {
            "pos": {
                "x": 0.6087999651273409,
                "y": 0.8215998635765784
            },
            "skillset": {
                "0": 1,
                "1": 1,
                "2": 0,
                "3": 1,
                "4": 1
            },
            "duration": 1.9989642375551204
        },
        "5": {
            "pos": {
                "x": 0.368926216185433,
                "y": 0.5536185430006574
            },
            "skillset": {
                "0": 1,
                "1": 0,
                "2": 1,
                "3": 0,
                "4": 1
            },
            "duration": 3.5247746357380327
        },
        "6": {
            "pos": {
                "x": 0.6488341022952706,
                "y": 0.23624621157892844
            },
            "skillset": {
                "0": 0,
                "1": 0,
                "2": 1,
                "3": 1,
                "4": 0
            },
            "duration": 2.694023919979393
        },
        "7": {
            "pos": {
                "x": 0.7638351667474222,
                "y": 0.15550754001366685
            },
            "skillset": {
                "0": 0,
                "1": 0,
                "2": 0,
                "3": 1,
                "4": 0
            },
            "duration": 4.658536726139896
        },
        "8": {
            "pos": {
                "x": 0.1331685461500587,
                "y": 0.2695723334029353
            },
            "skillset": {
                "0": 0,
                "1": 0,
                "2": 0,
                "3": 1,
                "4": 0
            },
            "duration": 4.429033430503444
        },
        "9": {
            "pos": {
                "x": 0.8099241779257799,
                "y": 0.4755188608899097
            },
            "skillset": {
                "0": 1,
                "1": 0,
                "2": 1,
                "3": 1,
                "4": 1
            },
            "duration": 1.422727095358372
        },
        "10": {
            "pos": {
                "x": 0.03502137952477402,
                "y": 0.19775775329475664
            },
            "skillset": {
                "0": 1,
                "1": 1,
                "2": 0,
                "3": 1,
                "4": 1
            },
            "duration": 1.6157866091516775
        },
        "11": {
            "pos": {
                "x": 0.5635307555958298,
                "y": 0.06087772376573308
            },
            "skillset": {
                "0": 1,
                "1": 0,
                "2": 1,
                "3": 1,
                "4": 1
            },
            "duration": 3.226006085003365
        },
        "12": {
            "pos": {
                "x": 0.3160905341925454,
                "y": 0.21151774062712958
            },
            "skillset": {
                "0": 0,
                "1": 1,
                "2": 0,
                "3": 0,
                "4": 1
            },
            "duration": 3.9637793437533335
        },
        "13": {
            "pos": {
                "x": 0.6895167615622181,
                "y": 0.14505065165447295
            },
            "skillset": {
                "0": 1,
                "1": 0,
                "2": 0,
                "3": 0,
                "4": 1
            },
            "duration": 0.5595842782784033
        },
        "14": {
            "pos": {
                "x": 0.3704057693862691,
                "y": 0.4494421969335409
            },
            "skillset": {
                "0": 1,
                "1": 0,
                "2": 1,
                "3": 1,
                "4": 1
            },
            "duration": 4.53073236250189
        },
        "15": {
            "pos": {
                "x": 0.9014495348749537,
                "y": 0.4040059937392141
            },
            "skillset": {
                "0": 1,
                "1": 1,
                "2": 0,
                "3": 0,
                "4": 1
            },
            "duration": 1.772238409480027
        },
        "16": {
            "pos": {
                "x": 0.1359895703527333,
                "y": 0.421531792011145
            },
            "skillset": {
                "0": 1,
                "1": 1,
                "2": 0,
                "3": 0,
                "4": 1
            },
            "duration": 0.715835279255968
        },
        "17": {
            "pos": {
                "x": 0.3714644842892275,
                "y": 0.567684495305727
            },
            "skillset": {
                "0": 1,
                "1": 0,
                "2": 1,
                "3": 0,
                "4": 0
            },
            "duration": 1.3265019221943182
        },
        "18": {
            "pos": {
                "x": 0.12499787685547115,
                "y": 0.42231585638563507
            },
            "skillset": {
                "0": 1,
                "1": 0,
                "2": 1,
                "3": 1,
                "4": 1
            },
            "duration": 3.991948398016228
        },
        "19": {
            "pos": {
                "x": 0.6540559479614995,
                "y": 0.41011215108825316
            },
            "skillset": {
                "0": 1,
                "1": 1,
                "2": 0,
                "3": 0,
                "4": 0
            },
            "duration": 1.2795207983625312
        }
    },
    "robots": {
        "0": {
            "pose": {
                "x": 0.766661288097467,
                "y": 0.5161731842840116
            },
            "skillset": {
                "0": 1,
                "1": 0,
                "2": 0,
                "3": 0,
                "4": 0
            }
        },
        "1": {
            "pose": {
                "x": 0.766661288097467,
                "y": 0.5161731842840116
            },
            "skillset": {
                "0": 1,
                "1": 0,
                "2": 0,
                "3": 0,
                "4": 0
            }
        },
        "2": {
            "pose": {
                "x": 0.766661288097467,
                "y": 0.5161731842840116
            },
            "skillset": {
                "0": 1,
                "1": 0,
                "2": 0,
                "3": 0,