{
    "setup": {
        "robots": 15,
        "tasks": 20,
        "num_skills": 5,
        "robot_class": "WR",
        "task_class": "ST",
        "coverage": "SC"
    },
    "tasks": {
        "0": {
            "pos": {
                "x": 0.7036575920291801,
                "y": 0.9413239412904949
            },
            "skillset": {
                "0": 1,
                "1": 0,
                "2": 1,
                "3": 0,
                "4": 0
            },
            "duration": 0.7584470263356119
        },
        "1": {
            "pos": {
                "x": 0.14774657932365332,
                "y": 0.2678621504270161
            },
            "skillset": {
                "0": 0,
                "1": 1,
                "2": 0,
                "3": 1,
                "4": 1
            },
            "duration": 0.035281707743387014
        },
        "2": {
            "pos": {
                "x": 0.10248503069302817,
                "y": 0.02111941514028548
            },
            "skillset": {
                "0": 1,
                "1": 1,
                "2": 1,
                "3": 0,
                "4": 1
            },
            "duration": 4.717312863792852
        },
        "3": {
            "pos": {
                "x": 0.28111882558893153,
                "y": 0.9896191137301538
            },
            "skillset": {
                "0": 0,
                "1": 0,
                "2": 0,
                "3": 1,
                "4": 0
            },
            "duration": 1.794303182013743
        },
        "4": {
            "pos": {
                "x": 0.5061033316836663,
                "y": 0.8064647384548675
            },
            "skillset": {
                "0": 0,
                "1": 1,
                "2": 1,
                "3": 1,
                "4": 1
            },
            "duration": 4.212309093569213
        },
        "5": {
            "pos": {
                "x": 0.6883964075829021,
                "y": 0.6201918871138024
            },
            "skillset": {
                "0": 0,
                "1": 0,
                "2": 1,
                "3": 0,
                "4": 0
            },
            "duration": 1.9669413765608312
        },
        "6": {
            "pos": {
                "x": 0.7345144735780582,
                "y": 0.8835993150891774
            },
            "skillset": {
                "0": 1,
                "1": 1,
                "2": 1,
                "3": 0,
                "4": 1
            },
            "duration": 0.7435296579335271
        },
        "7": {
            "pos": {
                "x": 0.2748790564973099,
                "y": 0.8144946559685584
            },
            "skillset": {
                "0": 1,
                "1": 1,
                "2": 1,
                "3": 1,
                "4": 0
            },
            "duration": 1.4428986334112532
        },
        "8": {
            "pos": {
                "x": 0.011568581756742469,
                "y": 0.25233364740259767
            },
            "skillset": {
                "0": 1,
                "1": 0,
                "2": 0,
                "3": 0,
                "4": 0
            },
            "duration": 4.7584789546818715
        },
        "9": {
            "pos": {
                "x": 0.2538810561027721,
                "y": 0.6043286291399775
            },
            "skillset": {
                "0": 0,
                "1": 1,
                "2": 0,
                "3": 1,
                "4": 0
            },
            "duration": 1.741775449481281
        },
        "10": {
            "pos": {
                "x": 0.6737055467115907,
                "y": 0.037980336611545984
            },
            "skillset": {
                "0": 1,
                "1": 0,
                "2": 1,
                "3": 0,
                "4": 0
            },
            "duration": 0.5172063938788612
        },
        "11": {
            "pos": {
                "x": 0.26400049695564054,
                "y": 0.5090907429675778
            },
            "skillset": {
                "0": 1,
                "1": 0,
                "2": 0,
                "3": 0,
                "4": 0
            },
            "duration": 1.8711812116413822
        },
        "12": {
            "pos": {
                "x": 0.20231421715737796,
                "y": 0.6243105130376343
            },
            "skillset": {
                "0": 1,
                "1": 0,
                "2": 1,
                "3": 0,
                "4": 1
            },
            "duration": 0.2021287272410749
        },
        "13": {
            "pos": {
                "x": 0.8636725004933384,
                "y": 0.09215845991692106
            },
            "skillset": {
                "0": 0,
                "1": 0,
                "2": 0,
                "3": 1,
                "4": 0
            },
            "duration": 3.571021697804415
        },
        "14": {
            "pos": {
                "x": 0.6564323498498706,
                "y": 0.34435649616483155
            },
            "skillset": {
                "0": 1,
                "1": 1,
                "2": 1,
                "3": 0,
                "4": 0
            },
            "duration": 2.1754536362003156
        },
        "15": {
            "pos": {
                "x": 0.7652632894666991,
                "y": 0.796581197861291
            },
            "skillset": {
                "0": 1,
                "1": 0,
                "2": 1,
                "3": 0,
                "4": 1
            },
            "duration": 3.4931318974498375
        },
        "16": {
            "pos": {
                "x": 0.548912061590377,
                "y": 0.7376751965392497
            },
            "skillset": {
                "0": 0,
                "1": 0,
                "2": 0,
                "3": 1,
                "4": 1
            },
            "duration": 2.9483851359192528
        },
        "17": {
            "pos": {
                "x": 0.5658688674158374,
                "y": 0.04670341072087347
            },
            "skillset": {
                "0": 0,
                "1": 0,
                "2": 0,
                "3": 1,
                "4": 1
            },
            "duration": 0.6884046052196424
        },
        "18": {
            "pos": {
                "x": 0.7615508631552885,
                "y": 0.6365383606574025
            },
            "skillset": {
                "0": 1,
                "1": 0,
                "2": 1,
                "3": 0,
                "4": 0
            },
            "duration": 2.0735628773576478
        },
        "19": {
            "pos": {
                "x": 0.3273244498058493,
                "y": 0.214738912428032
            },
            "skillset": {
                "0": 1,
                "1": 0,
                "2": 1,
                "3": 0,
                "4": 1
            },
            "duration": 4.548213728357192
        }
    },
    "robots": {
        "0": {
            "pose": {
                "x": 0.17980225355379198,
                "y": 0.33993863231613475
            },
            "skillset": {
                "0": 1,
                "1": 0,
                "2": 0,
                "3": 0,
                "4": 0
            }
        },
        "1": {
            "pose": {
                "x": 0.17980225355379198,
                "y": 0.33993863231613475
            },
            "skillset": {
                "0": 1,
                "1": 0,
                "2": 0,
                "3": 0,
                "4": 0
            }
        },
        "2": {
            "pose": {
                "x": 0.17980225355379198,
                "y": 0.33993863231613475
            },
            "skillset": {
                "0": 1,
                "1": 0,
                "2": 0,