{
    "setup": {
        "robots": 15,
        "tasks": 20,
        "num_skills": 5,
        "robot_class": "WR",
        "task_class": "ST",
        "coverage": "SC"
    },
    "tasks": {
        "0": {
            "pos": {
                "x": 0.8078068571398209,
                "y": 0.517341226614663
            },
            "skillset": {
                "0": 0,
                "1": 0,
                "2": 0,
                "3": 1,
                "4": 0
            },
            "duration": 1.2592392536011854
        },
        "1": {
            "pos": {
                "x": 0.9235846552471957,
                "y": 0.927310925180519
            },
            "skillset": {
                "0": 0,
                "1": 1,
                "2": 0,
                "3": 1,
                "4": 1
            },
            "duration": 3.328427798244488
        },
        "2": {
            "pos": {
                "x": 0.624135099783026,
                "y": 0.11654163561932518
            },
            "skillset": {
                "0": 1,
                "1": 1,
                "2": 0,
                "3": 0,
                "4": 0
            },
            "duration": 2.601299121369996
        },
        "3": {
            "pos": {
                "x": 0.5610099084123146,
                "y": 0.270436320771112
            },
            "skillset": {
                "0": 0,
                "1": 0,
                "2": 0,
                "3": 1,
                "4": 1
            },
            "duration": 1.4428160985512268
        },
        "4": {
            "pos": {
                "x": 0.26388955400293956,
                "y": 0.23254374973276903
            },
            "skillset": {
                "0": 0,
                "1": 0,
                "2": 1,
                "3": 0,
                "4": 1
            },
            "duration": 3.075592393569516
        },
        "5": {
            "pos": {
                "x": 0.14720115825472624,
                "y": 0.9361279552228378
            },
            "skillset": {
                "0": 0,
                "1": 1,
                "2": 1,
                "3": 1,
                "4": 0
            },
            "duration": 4.42124770763983
        },
        "6": {
            "pos": {
                "x": 0.7707981007112096,
                "y": 0.43304520337310093
            },
            "skillset": {
                "0": 1,
                "1": 1,
                "2": 0,
                "3": 0,
                "4": 1
            },
            "duration": 0.2770642011420721
        },
        "7": {
            "pos": {
                "x": 0.10825693853631602,
                "y": 0.9706919467834025
            },
            "skillset": {
                "0": 1,
                "1": 0,
                "2": 1,
                "3": 1,
                "4": 1
            },
            "duration": 3.6274686444890687
        },
        "8": {
            "pos": {
                "x": 0.24164560025798043,
                "y": 0.9427926261910732
            },
            "skillset": {
                "0": 0,
                "1": 0,
                "2": 0,
                "3": 0,
                "4": 1
            },
            "duration": 1.046283962857613
        },
        "9": {
            "pos": {
                "x": 0.6499038569722155,
                "y": 0.0931912686910139
            },
            "skillset": {
                "0": 1,
                "1": 0,
                "2": 1,
                "3": 1,
                "4": 1
            },
            "duration": 3.3748855294696427
        },
        "10": {
            "pos": {
                "x": 0.23822737944720973,
                "y": 0.4247146263756454
            },
            "skillset": {
                "0": 1,
                "1": 0,
                "2": 0,
                "3": 1,
                "4": 0
            },
            "duration": 2.4394756888386855
        },
        "11": {
            "pos": {
                "x": 0.45815170859022536,
                "y": 0.7587158801780425
            },
            "skillset": {
                "0": 0,
                "1": 0,
                "2": 0,
                "3": 0,
                "4": 1
            },
            "duration": 0.03681161703651348
        },
        "12": {
            "pos": {
                "x": 0.0757863020041657,
                "y": 0.23829305354795682
            },
            "skillset": {
                "0": 1,
                "1": 0,
                "2": 0,
                "3": 0,
                "4": 0
            },
            "duration": 1.5430189411302397
        },
        "13": {
            "pos": {
                "x": 0.7702273699739947,
                "y": 0.08187742347300286
            },
            "skillset": {
                "0": 0,
                "1": 0,
                "2": 0,
                "3": 1,
                "4": 0
            },
            "duration": 3.2152567017249374
        },
        "14": {
            "pos": {
                "x": 0.9355490551507656,
                "y": 0.30691768656840424
            },
            "skillset": {
                "0": 1,
                "1": 1,
                "2": 1,
                "3": 0,
                "4": 0
            },
            "duration": 3.0637174187882623
        },
        "15": {
            "pos": {
                "x": 0.4933614684869342,
                "y": 0.6040380161968026
            },
            "skillset": {
                "0": 0,
                "1": 0,
                "2": 1,
                "3": 1,
                "4": 0
            },
            "duration": 4.747755584529475
        },
        "16": {
            "pos": {
                "x": 0.2889344263730148,
                "y": 0.49191438006122623
            },
            "skillset": {
                "0": 1,
                "1": 0,
                "2": 0,
                "3": 0,
                "4": 1
            },
            "duration": 3.077106635729501
        },
        "17": {
            "pos": {
                "x": 0.46630970967863383,
                "y": 0.8183259419681397
            },
            "skillset": {
                "0": 1,
                "1": 0,
                "2": 0,
                "3": 0,
                "4": 0
            },
            "duration": 1.466620124166924
        },
        "18": {
            "pos": {
                "x": 0.11828148555891804,
                "y": 0.7325244373083121
            },
            "skillset": {
                "0": 0,
                "1": 1,
                "2": 0,
                "3": 0,
                "4": 0
            },
            "duration": 0.04098054420643815
        },
        "19": {
            "pos": {
                "x": 0.5536015326319574,
                "y": 0.11015225065803413
            },
            "skillset": {
                "0": 1,
                "1": 1,
                "2": 0,
                "3": 1,
                "4": 1
            },
            "duration": 0.6353211954123233
        }
    },
    "robots": {
        "0": {
            "pose": {
                "x": 0.13382835869533483,
                "y": 0.21164048075578
            },
            "skillset": {
                "0": 1,
                "1": 0,
                "2": 0,
                "3": 0,
                "4": 0
            }
        },
        "1": {
            "pose": {
                "x": 0.13382835869533483,
                "y": 0.21164048075578
            },
            "skillset": {
                "0": 1,
                "1": 0,
                "2": 0,
                "3": 0,
                "4": 0
            }
        },
        "2": {
            "pose": {
                "x": 0.13382835869533483,
                "y": 0.21164048075578
            },
            "skillset": {
                "0": 1,
                "1": 0,
                "2": 0,