{
    "setup": {
        "robots": 15,
        "tasks": 20,
        "num_skills": 5,
        "robot_class": "WR",
        "task_class": "ST",
        "coverage": "SC"
    },
    "tasks": {
        "0": {
            "pos": {
                "x": 0.17481408188565228,
                "y": 0.380743028383585
            },
            "skillset": {
                "0": 0,
                "1": 1,
                "2": 0,
                "3": 1,
                "4": 0
            },
            "duration": 1.782798400308197
        },
        "1": {
            "pos": {
                "x": 0.627793467323131,
                "y": 0.7515014460990386
            },
            "skillset": {
                "0": 1,
                "1": 0,
                "2": 0,
                "3": 0,
                "4": 1
            },
            "duration": 0.38697827028312315
        },
        "2": {
            "pos": {
                "x": 0.5747048301479534,
                "y": 0.2795030663939492
            },
            "skillset": {
                "0": 1,
                "1": 1,
                "2": 0,
                "3": 0,
                "4": 1
            },
            "duration": 0.879244149068022
        },
        "3": {
            "pos": {
                "x": 0.17948455634882,
                "y": 0.42160230093065665
            },
            "skillset": {
                "0": 0,
                "1": 1,
                "2": 1,
                "3": 1,
                "4": 1
            },
            "duration": 2.838495930503347
        },
        "4": {
            "pos": {
                "x": 0.2558716890648889,
                "y": 0.7599203147067218
            },
            "skillset": {
                "0": 1,
                "1": 0,
                "2": 1,
                "3": 1,
                "4": 1
            },
            "duration": 2.362291079692829
        },
        "5": {
            "pos": {
                "x": 0.8930639879544295,
                "y": 0.804147634534271
            },
            "skillset": {
                "0": 1,
                "1": 1,
                "2": 0,
                "3": 1,
                "4": 1
            },
            "duration": 3.436699684218803
        },
        "6": {
            "pos": {
                "x": 0.1210026698651695,
                "y": 0.7872111165927624
            },
            "skillset": {
                "0": 0,
                "1": 1,
                "2": 1,
                "3": 0,
                "4": 0
            },
            "duration": 1.7419653816935288
        },
        "7": {
            "pos": {
                "x": 0.015103264158198959,
                "y": 0.1351950238118652
            },
            "skillset": {
                "0": 0,
                "1": 0,
                "2": 1,
                "3": 0,
                "4": 0
            },
            "duration": 2.9817404838976627
        },
        "8": {
            "pos": {
                "x": 0.7007939349624417,
                "y": 0.32228909743819645
            },
            "skillset": {
                "0": 1,
                "1": 0,
                "2": 0,
                "3": 1,
                "4": 1
            },
            "duration": 1.8779207094441253
        },
        "9": {
            "pos": {
                "x": 0.8271066200805471,
                "y": 0.6884231603044646
            },
            "skillset": {
                "0": 0,
                "1": 1,
                "2": 0,
                "3": 1,
                "4": 0
            },
            "duration": 3.840945338953669
        },
        "10": {
            "pos": {
                "x": 0.6402764146664662,
                "y": 0.6006071983504256
            },
            "skillset": {
                "0": 1,
                "1": 0,
                "2": 1,
                "3": 1,
                "4": 1
            },
            "duration": 0.032675351063879976
        },
        "11": {
            "pos": {
                "x": 0.9130588570178803,
                "y": 0.8321701974073368
            },
            "skillset": {
                "0": 1,
                "1": 1,
                "2": 0,
                "3": 0,
                "4": 0
            },
            "duration": 2.944625925505208
        },
        "12": {
            "pos": {
                "x": 0.029406850785623773,
                "y": 0.9847305719634654
            },
            "skillset": {
                "0": 0,
                "1": 1,
                "2": 0,
                "3": 0,
                "4": 0
            },
            "duration": 2.9378313961569558
        },
        "13": {
            "pos": {
                "x": 0.4312737124834727,
                "y": 0.29550104905536845
            },
            "skillset": {
                "0": 1,
                "1": 0,
                "2": 0,
                "3": 1,
                "4": 1
            },
            "duration": 0.29085596824498794
        },
        "14": {
            "pos": {
                "x": 0.8694217573452545,
                "y": 0.9190005879437705
            },
            "skillset": {
                "0": 0,
                "1": 0,
                "2": 1,
                "3": 0,
                "4": 1
            },
            "duration": 3.823283111291302
        },
        "15": {
            "pos": {
                "x": 0.7727999632725787,
                "y": 0.7198383105396309
            },
            "skillset": {
                "0": 0,
                "1": 0,
                "2": 1,
                "3": 0,
                "4": 0
            },
            "duration": 3.172644106443399
        },
        "16": {
            "pos": {
                "x": 0.010341303590262751,
                "y": 0.2765756179487656
            },
            "skillset": {
                "0": 0,
                "1": 0,
                "2": 0,
                "3": 0,
                "4": 1
            },
            "duration": 4.750882151509932
        },
        "17": {
            "pos": {
                "x": 0.8120962210776497,
                "y": 0.9984087798024278
            },
            "skillset": {
                "0": 1,
                "1": 0,
                "2": 1,
                "3": 0,
                "4": 1
            },
            "duration": 0.9357299710389388
        },
        "18": {
            "pos": {
                "x": 0.28070944044229573,
                "y": 0.7609160008411942
            },
            "skillset": {
                "0": 1,
                "1": 0,
                "2": 0,
                "3": 1,
                "4": 1
            },
            "duration": 2.1247590667180187
        },
        "19": {
            "pos": {
                "x": 0.11301367611660218,
                "y": 0.7477173698238466
            },
            "skillset": {
                "0": 0,
                "1": 1,
                "2": 1,
                "3": 0,
                "4": 0
            },
            "duration": 4.324836559152439
        }
    },
    "robots": {
        "0": {
            "pose": {
                "x": 0.6456839072103464,
                "y": 0.9725589036518792
            },
            "skillset": {
                "0": 1,
                "1": 0,
                "2": 0,
                "3": 0,
                "4": 0
            }
        },
        "1": {
            "pose": {
                "x": 0.6456839072103464,
                "y": 0.9725589036518792
            },
            "skillset": {
                "0": 1,
                "1": 0,
                "2": 0,
                "3": 0,
                "4": 0
            }
        },
        "2": {
            "pose": {
                "x": 0.6456839072103464,
                "y": 0.9725589036518792
            },
            "skillset": {
                "0": 1,
                "1": 0,
                "2": 0,