{
    "setup": {
        "robots": 15,
        "tasks": 20,
        "num_skills": 5,
        "robot_class": "WR",
        "task_class": "ST",
        "coverage": "SC"
    },
    "tasks": {
        "0": {
            "pos": {
                "x": 0.4365363219561684,
                "y": 0.2911071485409982
            },
            "skillset": {
                "0": 1,
                "1": 0,
                "2": 1,
                "3": 1,
                "4": 0
            },
            "duration": 0.9455262882601573
        },
        "1": {
            "pos": {
                "x": 0.9186639262189912,
                "y": 0.8188105567349625
            },
            "skillset": {
                "0": 0,
                "1": 0,
                "2": 0,
                "3": 1,
                "4": 0
            },
            "duration": 0.0353997204522144
        },
        "2": {
            "pos": {
                "x": 0.10246358147517898,
                "y": 0.4044728372039633
            },
            "skillset": {
                "0": 0,
                "1": 0,
                "2": 1,
                "3": 1,
                "4": 1
            },
            "duration": 0.3560411492219251
        },
        "3": {
            "pos": {
                "x": 0.7634021637802205,
                "y": 0.8790593464783144
            },
            "skillset": {
                "0": 0,
                "1": 0,
                "2": 1,
                "3": 0,
                "4": 1
            },
            "duration": 3.755693982439441
        },
        "4": {
            "pos": {
                "x": 0.9622294289531313,
                "y": 0.24072088933422342
            },
            "skillset": {
                "0": 1,
                "1": 0,
                "2": 0,
                "3": 1,
                "4": 0
            },
            "duration": 4.516608495442885
        },
        "5": {
            "pos": {
                "x": 0.8917368501350286,
                "y": 0.6948705636882677
            },
            "skillset": {
                "0": 0,
                "1": 1,
                "2": 0,
                "3": 0,
                "4": 0
            },
            "duration": 0.2862727980833174
        },
        "6": {
            "pos": {
                "x": 0.06820318195833397,
                "y": 0.21062884265649628
            },
            "skillset": {
                "0": 0,
                "1": 0,
                "2": 1,
                "3": 0,
                "4": 1
            },
            "duration": 3.6046443031344526
        },
        "7": {
            "pos": {
                "x": 0.18869198626736416,
                "y": 0.07739050178778328
            },
            "skillset": {
                "0": 1,
                "1": 0,
                "2": 0,
                "3": 1,
                "4": 0
            },
            "duration": 3.8883006184295024
        },
        "8": {
            "pos": {
                "x": 0.687409975428238,
                "y": 0.3101406783515913
            },
            "skillset": {
                "0": 1,
                "1": 1,
                "2": 1,
                "3": 1,
                "4": 0
            },
            "duration": 3.4061365694491004
        },
        "9": {
            "pos": {
                "x": 0.6917732643122774,
                "y": 0.08170851244184019
            },
            "skillset": {
                "0": 1,
                "1": 1,
                "2": 1,
                "3": 0,
                "4": 0
            },
            "duration": 2.4950176570424794
        },
        "10": {
            "pos": {
                "x": 0.8712098784014853,
                "y": 0.6955731437019083
            },
            "skillset": {
                "0": 1,
                "1": 1,
                "2": 0,
                "3": 1,
                "4": 0
            },
            "duration": 2.427590353360674
        },
        "11": {
            "pos": {
                "x": 0.782163449156505,
                "y": 0.6064479200345143
            },
            "skillset": {
                "0": 1,
                "1": 1,
                "2": 0,
                "3": 1,
                "4": 0
            },
            "duration": 3.4733437072273343
        },
        "12": {
            "pos": {
                "x": 0.4577256148378832,
                "y": 0.19301719025990438
            },
            "skillset": {
                "0": 1,
                "1": 1,
                "2": 1,
                "3": 1,
                "4": 0
            },
            "duration": 1.2252633745141706
        },
        "13": {
            "pos": {
                "x": 0.9423628161141088,
                "y": 0.14544344944765386
            },
            "skillset": {
                "0": 1,
                "1": 1,
                "2": 0,
                "3": 1,
                "4": 0
            },
            "duration": 3.7629194497410046
        },
        "14": {
            "pos": {
                "x": 0.5213416066410422,
                "y": 0.12143311962504255
            },
            "skillset": {
                "0": 0,
                "1": 1,
                "2": 1,
                "3": 0,
                "4": 0
            },
            "duration": 0.9615603666385997
        },
        "15": {
            "pos": {
                "x": 0.10839379589142106,
                "y": 0.6967551954104109
            },
            "skillset": {
                "0": 1,
                "1": 1,
                "2": 0,
                "3": 0,
                "4": 1
            },
            "duration": 0.1759311618496795
        },
        "16": {
            "pos": {
                "x": 0.8887893672786292,
                "y": 0.4611592867218549
            },
            "skillset": {
                "0": 0,
                "1": 0,
                "2": 0,
                "3": 0,
                "4": 1
            },
            "duration": 4.668654505083565
        },
        "17": {
            "pos": {
                "x": 0.7945913891124674,
                "y": 0.8595731680287474
            },
            "skillset": {
                "0": 0,
                "1": 1,
                "2": 1,
                "3": 1,
                "4": 1
            },
            "duration": 0.4526548919648177
        },
        "18": {
            "pos": {
                "x": 0.5354307979403411,
                "y": 0.775495965795208
            },
            "skillset": {
                "0": 0,
                "1": 1,
                "2": 1,
                "3": 1,
                "4": 1
            },
            "duration": 0.9833385513443754
        },
        "19": {
            "pos": {
                "x": 0.29294636258642015,
                "y": 0.15012964012519125
            },
            "skillset": {
                "0": 1,
                "1": 1,
                "2": 1,
                "3": 1,
                "4": 1
            },
            "duration": 0.27979636402283625
        }
    },
    "robots": {
        "0": {
            "pose": {
                "x": 0.9060838701495761,
                "y": 0.2826404105443283
            },
            "skillset": {
                "0": 1,
                "1": 0,
                "2": 0,
                "3": 0,
                "4": 0
            }
        },
        "1": {
            "pose": {
                "x": 0.9060838701495761,
                "y": 0.2826404105443283
            },
            "skillset": {
                "0": 1,
                "1": 0,
                "2": 0,
                "3": 0,
                "4": 0
            }
        },
        "2": {
            "pose": {
                "x": 0.9060838701495761,
                "y": 0.2826404105443283
            },
            "skillset": {
                "0": 1,
                "1": 0,
                "2": 0,