{
    "setup": {
        "robots": 15,
        "tasks": 20,
        "num_skills": 5,
        "robot_class": "WR",
        "task_class": "ST",
        "coverage": "SC"
    },
    "tasks": {
        "0": {
            "pos": {
                "x": 0.41549010105740614,
                "y": 0.6316684825474632
            },
            "skillset": {
                "0": 1,
                "1": 1,
                "2": 0,
                "3": 0,
                "4": 0
            },
            "duration": 4.621256592099735
        },
        "1": {
            "pos": {
                "x": 0.5197653470671891,
                "y": 0.23072709282616344
            },
            "skillset": {
                "0": 1,
                "1": 1,
                "2": 0,
                "3": 0,
                "4": 0
            },
            "duration": 4.065769948448793
        },
        "2": {
            "pos": {
                "x": 0.19892505243418024,
                "y": 0.4522872424681784
            },
            "skillset": {
                "0": 0,
                "1": 0,
                "2": 1,
                "3": 0,
                "4": 1
            },
            "duration": 0.669665585713376
        },
        "3": {
            "pos": {
                "x": 0.7943634453173759,
                "y": 0.5932773814789916
            },
            "skillset": {
                "0": 1,
                "1": 0,
                "2": 1,
                "3": 0,
                "4": 0
            },
            "duration": 2.0738293781382877
        },
        "4": {
            "pos": {
                "x": 0.6993220575428267,
                "y": 0.7302242503955039
            },
            "skillset": {
                "0": 1,
                "1": 0,
                "2": 0,
                "3": 1,
                "4": 0
            },
            "duration": 3.3788949826728434
        },
        "5": {
            "pos": {
                "x": 0.6212652912839011,
                "y": 0.24428891151275423
            },
            "skillset": {
                "0": 0,
                "1": 1,
                "2": 1,
                "3": 1,
                "4": 1
            },
            "duration": 4.058605118328852
        },
        "6": {
            "pos": {
                "x": 0.4417035314893507,
                "y": 0.5136558471949686
            },
            "skillset": {
                "0": 0,
                "1": 0,
                "2": 1,
                "3": 1,
                "4": 1
            },
            "duration": 0.8036035711619183
        },
        "7": {
            "pos": {
                "x": 0.011112304685085839,
                "y": 0.29550455908663187
            },
            "skillset": {
                "0": 1,
                "1": 0,
                "2": 0,
                "3": 1,
                "4": 0
            },
            "duration": 3.506276309709242
        },
        "8": {
            "pos": {
                "x": 0.35926828988924464,
                "y": 0.010340367028021435
            },
            "skillset": {
                "0": 0,
                "1": 0,
                "2": 1,
                "3": 0,
                "4": 0
            },
            "duration": 2.5945960611691232
        },
        "9": {
            "pos": {
                "x": 0.5621674029229455,
                "y": 0.5489025853260655
            },
            "skillset": {
                "0": 1,
                "1": 0,
                "2": 0,
                "3": 1,
                "4": 1
            },
            "duration": 0.38879025888261476
        },
        "10": {
            "pos": {
                "x": 0.08948358737294215,
                "y": 0.24923149509773368
            },
            "skillset": {
                "0": 0,
                "1": 1,
                "2": 0,
                "3": 0,
                "4": 1
            },
            "duration": 2.5972855703787943
        },
        "11": {
            "pos": {
                "x": 0.9042858092692657,
                "y": 0.43826358567892243
            },
            "skillset": {
                "0": 0,
                "1": 0,
                "2": 0,
                "3": 1,
                "4": 1
            },
            "duration": 2.2440104990127567
        },
        "12": {
            "pos": {
                "x": 0.26045402772645454,
                "y": 0.8626849615310678
            },
            "skillset": {
                "0": 0,
                "1": 0,
                "2": 1,
                "3": 1,
                "4": 1
            },
            "duration": 2.219265268939143
        },
        "13": {
            "pos": {
                "x": 0.45567156468502124,
                "y": 0.625348532812831
            },
            "skillset": {
                "0": 1,
                "1": 1,
                "2": 0,
                "3": 0,
                "4": 1
            },
            "duration": 1.3377450446707022
        },
        "14": {
            "pos": {
                "x": 0.9038509374768767,
                "y": 0.5449775500533951
            },
            "skillset": {
                "0": 0,
                "1": 1,
                "2": 0,
                "3": 1,
                "4": 1
            },
            "duration": 1.8260559689737554
        },
        "15": {
            "pos": {
                "x": 0.15751202368575135,
                "y": 0.7139278126492195
            },
            "skillset": {
                "0": 0,
                "1": 1,
                "2": 1,
                "3": 0,
                "4": 0
            },
            "duration": 3.809381421584472
        },
        "16": {
            "pos": {
                "x": 0.9355076481705396,
                "y": 0.4183258821200093
            },
            "skillset": {
                "0": 1,
                "1": 1,
                "2": 1,
                "3": 1,
                "4": 1
            },
            "duration": 1.7114259389069182
        },
        "17": {
            "pos": {
                "x": 0.66174286811259,
                "y": 0.8742693156268354
            },
            "skillset": {
                "0": 0,
                "1": 1,
                "2": 1,
                "3": 0,
                "4": 0
            },
            "duration": 4.2942016246088786
        },
        "18": {
            "pos": {
                "x": 0.15612833255961667,
                "y": 0.7824603890528806
            },
            "skillset": {
                "0": 1,
                "1": 0,
                "2": 0,
                "3": 0,
                "4": 1
            },
            "duration": 3.510313565351689
        },
        "19": {
            "pos": {
                "x": 0.47384335650314746,
                "y": 0.5525884678082529
            },
            "skillset": {
                "0": 0,
                "1": 0,
                "2": 1,
                "3": 0,
                "4": 1
            },
            "duration": 3.7619099734123647
        }
    },
    "robots": {
        "0": {
            "pose": {
                "x": 0.7160952791161002,
                "y": 0.4894537339227958
            },
            "skillset": {
                "0": 1,
                "1": 0,
                "2": 0,
                "3": 0,
                "4": 0
            }
        },
        "1": {
            "pose": {
                "x": 0.7160952791161002,
                "y": 0.4894537339227958
            },
            "skillset": {
                "0": 1,
                "1": 0,
                "2": 0,
                "3": 0,
                "4": 0
            }
        },
        "2": {
            "pose": {
                "x": 0.7160952791161002,
                "y": 0.4894537339227958
            },
            "skillset": {
                "0": 1,
                "1": 0,
                "2": 0,