{
    "setup": {
        "robots": 15,
        "tasks": 20,
        "num_skills": 5,
        "robot_class": "WR",
        "task_class": "ST",
        "coverage": "SC"
    },
    "tasks": {
        "0": {
            "pos": {
                "x": 0.5535794006579958,
                "y": 0.5592071607454135
            },
            "skillset": {
                "0": 0,
                "1": 1,
                "2": 1,
                "3": 0,
                "4": 0
            },
            "duration": 3.584450945794978
        },
        "1": {
            "pos": {
                "x": 0.3039500980626122,
                "y": 0.030817834567939406
            },
            "skillset": {
                "0": 1,
                "1": 0,
                "2": 1,
                "3": 0,
                "4": 0
            },
            "duration": 2.246807510718943
        },
        "2": {
            "pos": {
                "x": 0.43671738923236236,
                "y": 0.2145846728195292
            },
            "skillset": {
                "0": 1,
                "1": 1,
                "2": 1,
                "3": 1,
                "4": 1
            },
            "duration": 1.361207809225795
        },
        "3": {
            "pos": {
                "x": 0.40852864372463615,
                "y": 0.8534030732681661
            },
            "skillset": {
                "0": 1,
                "1": 1,
                "2": 0,
                "3": 1,
                "4": 0
            },
            "duration": 0.48195481076749647
        },
        "4": {
            "pos": {
                "x": 0.23393948586534075,
                "y": 0.05830274168906602
            },
            "skillset": {
                "0": 1,
                "1": 0,
                "2": 0,
                "3": 1,
                "4": 1
            },
            "duration": 4.513011982719208
        },
        "5": {
            "pos": {
                "x": 0.28138389202199654,
                "y": 0.2935937577666836
            },
            "skillset": {
                "0": 1,
                "1": 0,
                "2": 1,
                "3": 1,
                "4": 0
            },
            "duration": 2.2788814491680554
        },
        "6": {
            "pos": {
                "x": 0.6619165147268951,
                "y": 0.5570321523412783
            },
            "skillset": {
                "0": 0,
                "1": 0,
                "2": 0,
                "3": 1,
                "4": 1
            },
            "duration": 1.0118168239761516
        },
        "7": {
            "pos": {
                "x": 0.7838982091064135,
                "y": 0.6643135403273875
            },
            "skillset": {
                "0": 0,
                "1": 1,
                "2": 1,
                "3": 0,
                "4": 1
            },
            "duration": 1.5297831207532626
        },
        "8": {
            "pos": {
                "x": 0.4063868614400705,
                "y": 0.8140203846660347
            },
            "skillset": {
                "0": 0,
                "1": 1,
                "2": 1,
                "3": 0,
                "4": 0
            },
            "duration": 2.89609784470948
        },
        "9": {
            "pos": {
                "x": 0.1669729199077039,
                "y": 0.022712073133860478
            },
            "skillset": {
                "0": 1,
                "1": 0,
                "2": 1,
                "3": 1,
                "4": 1
            },
            "duration": 0.8838639146961585
        },
        "10": {
            "pos": {
                "x": 0.09004786077564175,
                "y": 0.7223593505964503
            },
            "skillset": {
                "0": 1,
                "1": 0,
                "2": 0,
                "3": 0,
                "4": 0
            },
            "duration": 4.283071420461877
        },
        "11": {
            "pos": {
                "x": 0.4618772302513874,
                "y": 0.1612717790336018
            },
            "skillset": {
                "0": 0,
                "1": 1,
                "2": 0,
                "3": 1,
                "4": 1
            },
            "duration": 3.7925976491760505
        },
        "12": {
            "pos": {
                "x": 0.5010447751033635,
                "y": 0.15231210271316842
            },
            "skillset": {
                "0": 1,
                "1": 1,
                "2": 0,
                "3": 1,
                "4": 0
            },
            "duration": 3.597314779754684
        },
        "13": {
            "pos": {
                "x": 0.696320375077736,
                "y": 0.4461562755740307
            },
            "skillset": {
                "0": 0,
                "1": 1,
                "2": 0,
                "3": 0,
                "4": 0
            },
            "duration": 2.1604651988755186
        },
        "14": {
            "pos": {
                "x": 0.3810212260964825,
                "y": 0.3015120891478765
            },
            "skillset": {
                "0": 1,
                "1": 0,
                "2": 0,
                "3": 0,
                "4": 1
            },
            "duration": 3.1365442035122157
        },
        "15": {
            "pos": {
                "x": 0.6302825931188885,
                "y": 0.3618126105533904
            },
            "skillset": {
                "0": 0,
                "1": 0,
                "2": 0,
                "3": 1,
                "4": 1
            },
            "duration": 2.920489844563678
        },
        "16": {
            "pos": {
                "x": 0.087649919316101,
                "y": 0.11800590212051532
            },
            "skillset": {
                "0": 1,
                "1": 0,
                "2": 0,
                "3": 1,
                "4": 1
            },
            "duration": 3.2492330077741
        },
        "17": {
            "pos": {
                "x": 0.9618976645495145,
                "y": 0.908580690707607
            },
            "skillset": {
                "0": 1,
                "1": 0,
                "2": 0,
                "3": 1,
                "4": 1
            },
            "duration": 0.42222160569944545
        },
        "18": {
            "pos": {
                "x": 0.6997071338107496,
                "y": 0.2658699614595196
            },
            "skillset": {
                "0": 0,
                "1": 1,
                "2": 1,
                "3": 0,
                "4": 1
            },
            "duration": 2.0790370108530483
        },
        "19": {
            "pos": {
                "x": 0.9691763773477239,
                "y": 0.7787509039657946
            },
            "skillset": {
                "0": 0,
                "1": 0,
                "2": 1,
                "3": 1,
                "4": 0
            },
            "duration": 0.2080708693094624
        }
    },
    "robots": {
        "0": {
            "pose": {
                "x": 0.19990820247510832,
                "y": 0.007362269751005512
            },
            "skillset": {
                "0": 1,
                "1": 0,
                "2": 0,
                "3": 0,
                "4": 0
            }
        },
        "1": {
            "pose": {
                "x": 0.19990820247510832,
                "y": 0.007362269751005512
            },
            "skillset": {
                "0": 1,
                "1": 0,
                "2": 0,
                "3": 0,
                "4": 0
            }
        },
        "2": {
            "pose": {
                "x": 0.19990820247510832,
                "y": 0.007362269751005512
            },
            "skillset": {
                "0": 1,
                "1": 0,
                "2": 0,