{
    "setup": {
        "robots": 15,
        "tasks": 20,
        "num_skills": 5,
        "robot_class": "WR",
        "task_class": "ST",
        "coverage": "SC"
    },
    "tasks": {
        "0": {
            "pos": {
                "x": 0.6065051385540762,
                "y": 0.5665176312346063
            },
            "skillset": {
                "0": 1,
                "1": 1,
                "2": 0,
                "3": 0,
                "4": 1
            },
            "duration": 1.009502027146187
        },
        "1": {
            "pos": {
                "x": 0.8788162192331397,
                "y": 0.8277783230641912
            },
            "skillset": {
                "0": 0,
                "1": 0,
                "2": 1,
                "3": 0,
                "4": 1
            },
            "duration": 1.0920960825557295
        },
        "2": {
            "pos": {
                "x": 0.49653528949579506,
                "y": 0.12269102832557877
            },
            "skillset": {
                "0": 1,
                "1": 0,
                "2": 1,
                "3": 1,
                "4": 0
            },
            "duration": 3.8632246793331744
        },
        "3": {
            "pos": {
                "x": 0.500576601815097,
                "y": 0.9194860890996822
            },
            "skillset": {
                "0": 0,
                "1": 0,
                "2": 0,
                "3": 1,
                "4": 0
            },
            "duration": 4.726078812733931
        },
        "4": {
            "pos": {
                "x": 0.8808558110790476,
                "y": 0.6740755933063971
            },
            "skillset": {
                "0": 0,
                "1": 1,
                "2": 0,
                "3": 1,
                "4": 0
            },
            "duration": 2.4798537719987395
        },
        "5": {
            "pos": {
                "x": 0.6589057397700322,
                "y": 0.8290321187789994
            },
            "skillset": {
                "0": 0,
                "1": 1,
                "2": 0,
                "3": 1,
                "4": 0
            },
            "duration": 1.5701564789830753
        },
        "6": {
            "pos": {
                "x": 0.6870384106747758,
                "y": 0.6241928509932543
            },
            "skillset": {
                "0": 0,
                "1": 0,
                "2": 0,
                "3": 0,
                "4": 1
            },
            "duration": 1.4115344916064687
        },
        "7": {
            "pos": {
                "x": 0.40176159007606815,
                "y": 0.39950676256407247
            },
            "skillset": {
                "0": 1,
                "1": 0,
                "2": 1,
                "3": 0,
                "4": 1
            },
            "duration": 2.268962125179919
        },
        "8": {
            "pos": {
                "x": 0.48634353792217444,
                "y": 0.8817298989466321
            },
            "skillset": {
                "0": 0,
                "1": 0,
                "2": 1,
                "3": 1,
                "4": 1
            },
            "duration": 3.201403316611576
        },
        "9": {
            "pos": {
                "x": 0.6415268388187774,
                "y": 0.8254649403853933
            },
            "skillset": {
                "0": 1,
                "1": 1,
                "2": 1,
                "3": 1,
                "4": 1
            },
            "duration": 4.5949478495754645
        },
        "10": {
            "pos": {
                "x": 0.5026808980590268,
                "y": 0.5364654329128539
            },
            "skillset": {
                "0": 0,
                "1": 0,
                "2": 1,
                "3": 0,
                "4": 1
            },
            "duration": 3.737595444876929
        },
        "11": {
            "pos": {
                "x": 0.6987929554986865,
                "y": 0.6945762780931456
            },
            "skillset": {
                "0": 1,
                "1": 0,
                "2": 0,
                "3": 0,
                "4": 0
            },
            "duration": 4.39780293447133
        },
        "12": {
            "pos": {
                "x": 0.21947345708116617,
                "y": 0.9269347359169884
            },
            "skillset": {
                "0": 1,
                "1": 0,
                "2": 1,
                "3": 1,
                "4": 1
            },
            "duration": 3.794176459482814
        },
        "13": {
            "pos": {
                "x": 0.22467368301906954,
                "y": 0.6581742890081222
            },
            "skillset": {
                "0": 0,
                "1": 1,
                "2": 0,
                "3": 0,
                "4": 1
            },
            "duration": 2.1519618708828983
        },
        "14": {
            "pos": {
                "x": 0.36235506032552045,
                "y": 0.281501319423448
            },
            "skillset": {
                "0": 1,
                "1": 0,
                "2": 1,
                "3": 0,
                "4": 1
            },
            "duration": 4.76726510689673
        },
        "15": {
            "pos": {
                "x": 0.9932259937973317,
                "y": 0.679530853235901
            },
            "skillset": {
                "0": 1,
                "1": 0,
                "2": 0,
                "3": 1,
                "4": 0
            },
            "duration": 3.0351274141019156
        },
        "16": {
            "pos": {
                "x": 0.2833592997759844,
                "y": 0.7271890224959492
            },
            "skillset": {
                "0": 0,
                "1": 0,
                "2": 0,
                "3": 0,
                "4": 1
            },
            "duration": 2.266015149540151
        },
        "17": {
            "pos": {
                "x": 0.7526510438202438,
                "y": 0.3628685066824583
            },
            "skillset": {
                "0": 1,
                "1": 1,
                "2": 0,
                "3": 1,
                "4": 1
            },
            "duration": 3.3929882967400515
        },
        "18": {
            "pos": {
                "x": 0.9331646641626133,
                "y": 0.9694851310441404
            },
            "skillset": {
                "0": 1,
                "1": 0,
                "2": 0,
                "3": 1,
                "4": 0
            },
            "duration": 3.767251296868957
        },
        "19": {
            "pos": {
                "x": 0.26542249642364646,
                "y": 0.7306887180473518
            },
            "skillset": {
                "0": 1,
                "1": 0,
                "2": 0,
                "3": 0,
                "4": 0
            },
            "duration": 2.856727130337624
        }
    },
    "robots": {
        "0": {
            "pose": {
                "x": 0.32048009223646656,
                "y": 0.4244991934873933
            },
            "skillset": {
                "0": 1,
                "1": 0,
                "2": 0,
                "3": 0,
                "4": 0
            }
        },
        "1": {
            "pose": {
                "x": 0.32048009223646656,
                "y": 0.4244991934873933
            },
            "skillset": {
                "0": 1,
                "1": 0,
                "2": 0,
                "3": 0,
                "4": 0
            }
        },
        "2": {
            "pose": {
                "x": 0.32048009223646656,
                "y": 0.4244991934873933
            },
            "skillset": {
                "0": 1,
                "1": 0,
                "2": 0,
                "3": 0,