{
    "setup": {
        "robots": 15,
        "tasks": 20,
        "num_skills": 5,
        "robot_class": "WR",
        "task_class": "ST",
        "coverage": "SC"
    },
    "tasks": {
        "0": {
            "pos": {
                "x": 0.23813829612813275,
                "y": 0.284101728114616
            },
            "skillset": {
                "0": 0,
                "1": 0,
                "2": 1,
                "3": 1,
                "4": 0
            },
            "duration": 3.6033910286708766
        },
        "1": {
            "pos": {
                "x": 0.12853187316980275,
                "y": 0.8245098615749836
            },
            "skillset": {
                "0": 0,
                "1": 1,
                "2": 1,
                "3": 1,
                "4": 1
            },
            "duration": 2.1845009125123447
        },
        "2": {
            "pos": {
                "x": 0.4243944731164906,
                "y": 0.16981096918341
            },
            "skillset": {
                "0": 1,
                "1": 0,
                "2": 0,
                "3": 1,
                "4": 0
            },
            "duration": 1.6334707977465852
        },
        "3": {
            "pos": {
                "x": 0.5412552045896234,
                "y": 0.26731964340313774
            },
            "skillset": {
                "0": 1,
                "1": 0,
                "2": 1,
                "3": 0,
                "4": 0
            },
            "duration": 2.2738108054122708
        },
        "4": {
            "pos": {
                "x": 0.4726363081895789,
                "y": 0.969686356656742
            },
            "skillset": {
                "0": 0,
                "1": 1,
                "2": 0,
                "3": 1,
                "4": 0
            },
            "duration": 1.6723852598259619
        },
        "5": {
            "pos": {
                "x": 0.21805694424825395,
                "y": 0.15959350154590735
            },
            "skillset": {
                "0": 0,
                "1": 1,
                "2": 1,
                "3": 0,
                "4": 1
            },
            "duration": 1.0875631801037289
        },
        "6": {
            "pos": {
                "x": 0.9314253291547374,
                "y": 0.965228270238922
            },
            "skillset": {
                "0": 0,
                "1": 1,
                "2": 1,
                "3": 0,
                "4": 0
            },
            "duration": 0.3068976534161516
        },
        "7": {
            "pos": {
                "x": 0.7593229491772314,
                "y": 0.8211508480104106
            },
            "skillset": {
                "0": 0,
                "1": 1,
                "2": 1,
                "3": 1,
                "4": 0
            },
            "duration": 3.8746355073252543
        },
        "8": {
            "pos": {
                "x": 0.7035542774538358,
                "y": 0.6630505999452142
            },
            "skillset": {
                "0": 0,
                "1": 1,
                "2": 1,
                "3": 0,
                "4": 0
            },
            "duration": 4.733041577037633
        },
        "9": {
            "pos": {
                "x": 0.7573415897577671,
                "y": 0.15198008350355885
            },
            "skillset": {
                "0": 0,
                "1": 0,
                "2": 0,
                "3": 0,
                "4": 1
            },
            "duration": 0.7258819383517418
        },
        "10": {
            "pos": {
                "x": 0.5229216115320617,
                "y": 0.2663471222568249
            },
            "skillset": {
                "0": 0,
                "1": 1,
                "2": 1,
                "3": 1,
                "4": 1
            },
            "duration": 4.731757038274326
        },
        "11": {
            "pos": {
                "x": 0.4445240827372767,
                "y": 0.10996936714690553
            },
            "skillset": {
                "0": 1,
                "1": 0,
                "2": 1,
                "3": 0,
                "4": 0
            },
            "duration": 3.3072278724840443
        },
        "12": {
            "pos": {
                "x": 0.5118332676212022,
                "y": 0.6769545964025543
            },
            "skillset": {
                "0": 1,
                "1": 0,
                "2": 0,
                "3": 1,
                "4": 0
            },
            "duration": 4.001308619087204
        },
        "13": {
            "pos": {
                "x": 0.66993492757472,
                "y": 0.8176539071993858
            },
            "skillset": {
                "0": 0,
                "1": 0,
                "2": 0,
                "3": 1,
                "4": 1
            },
            "duration": 3.1245904074522852
        },
        "14": {
            "pos": {
                "x": 0.21266945286043415,
                "y": 0.7432115599273963
            },
            "skillset": {
                "0": 0,
                "1": 1,
                "2": 0,
                "3": 1,
                "4": 0
            },
            "duration": 3.9590581614253058
        },
        "15": {
            "pos": {
                "x": 0.10405395851512789,
                "y": 0.22181238678631332
            },
            "skillset": {
                "0": 1,
                "1": 0,
                "2": 1,
                "3": 0,
                "4": 0
            },
            "duration": 3.1299324370052433
        },
        "16": {
            "pos": {
                "x": 0.5318709010177506,
                "y": 0.03673315633966623
            },
            "skillset": {
                "0": 0,
                "1": 1,
                "2": 1,
                "3": 0,
                "4": 0
            },
            "duration": 0.9029382923675866
        },
        "17": {
            "pos": {
                "x": 0.3084976509367554,
                "y": 0.020115115859373423
            },
            "skillset": {
                "0": 0,
                "1": 1,
                "2": 1,
                "3": 0,
                "4": 0
            },
            "duration": 2.65956964804682
        },
        "18": {
            "pos": {
                "x": 0.7600089243257544,
                "y": 0.595278203318867
            },
            "skillset": {
                "0": 0,
                "1": 1,
                "2": 1,
                "3": 1,
                "4": 1
            },
            "duration": 4.037722148938315
        },
        "19": {
            "pos": {
                "x": 0.4363546022083491,
                "y": 0.5021608934666473
            },
            "skillset": {
                "0": 1,
                "1": 0,
                "2": 0,
                "3": 0,
                "4": 0
            },
            "duration": 0.24499408178160986
        }
    },
    "robots": {
        "0": {
            "pose": {
                "x": 0.8843029518316241,
                "y": 0.28950519292961685
            },
            "skillset": {
                "0": 1,
                "1": 0,
                "2": 0,
                "3": 0,
                "4": 0
            }
        },
        "1": {
            "pose": {
                "x": 0.8843029518316241,
                "y": 0.28950519292961685
            },
            "skillset": {
                "0": 1,
                "1": 0,
                "2": 0,
                "3": 0,
                "4": 0
            }
        },
        "2": {
            "pose": {
                "x": 0.8843029518316241,
                "y": 0.28950519292961685
            },
            "skillset": {
                "0": 1,
                "1": 0,
                "2": 0,