{
    "setup": {
        "robots": 15,
        "tasks": 20,
        "num_skills": 5,
        "robot_class": "WR",
        "task_class": "ST",
        "coverage": "SC"
    },
    "tasks": {
        "0": {
            "pos": {
                "x": 0.3053292367511381,
                "y": 0.1423363811367213
            },
            "skillset": {
                "0": 1,
                "1": 0,
                "2": 1,
                "3": 1,
                "4": 0
            },
            "duration": 1.7026894743239906
        },
        "1": {
            "pos": {
                "x": 0.10582904695071238,
                "y": 0.04218632051127191
            },
            "skillset": {
                "0": 0,
                "1": 0,
                "2": 1,
                "3": 0,
                "4": 0
            },
            "duration": 4.955866027249463
        },
        "2": {
            "pos": {
                "x": 0.22512134023135533,
                "y": 0.8281721875627147
            },
            "skillset": {
                "0": 1,
                "1": 0,
                "2": 1,
                "3": 1,
                "4": 0
            },
            "duration": 2.894746732896638
        },
        "3": {
            "pos": {
                "x": 0.5679866885283943,
                "y": 0.06415133066781675
            },
            "skillset": {
                "0": 0,
                "1": 0,
                "2": 1,
                "3": 1,
                "4": 0
            },
            "duration": 0.9519852631514331
        },
        "4": {
            "pos": {
                "x": 0.3460821240898446,
                "y": 0.4836649623738375
            },
            "skillset": {
                "0": 1,
                "1": 0,
                "2": 0,
                "3": 1,
                "4": 0
            },
            "duration": 4.835870555757939
        },
        "5": {
            "pos": {
                "x": 0.4099698659631865,
                "y": 0.020306092745430604
            },
            "skillset": {
                "0": 0,
                "1": 0,
                "2": 1,
                "3": 1,
                "4": 0
            },
            "duration": 0.3336906194369399
        },
        "6": {
            "pos": {
                "x": 0.20329170259638896,
                "y": 0.2523258900100248
            },
            "skillset": {
                "0": 1,
                "1": 0,
                "2": 1,
                "3": 0,
                "4": 0
            },
            "duration": 0.20296726873805682
        },
        "7": {
            "pos": {
                "x": 0.33599248265861226,
                "y": 0.4809138778117579
            },
            "skillset": {
                "0": 1,
                "1": 1,
                "2": 1,
                "3": 1,
                "4": 1
            },
            "duration": 2.596769857361181
        },
        "8": {
            "pos": {
                "x": 0.14372034998901861,
                "y": 0.40397493042151045
            },
            "skillset": {
                "0": 0,
                "1": 1,
                "2": 0,
                "3": 0,
                "4": 1
            },
            "duration": 1.1402097832658171
        },
        "9": {
            "pos": {
                "x": 0.420463468230599,
                "y": 0.9773392282659268
            },
            "skillset": {
                "0": 1,
                "1": 0,
                "2": 0,
                "3": 0,
                "4": 0
            },
            "duration": 2.5352055715761135
        },
        "10": {
            "pos": {
                "x": 0.14925609634144832,
                "y": 0.7404109573538594
            },
            "skillset": {
                "0": 1,
                "1": 0,
                "2": 1,
                "3": 0,
                "4": 0
            },
            "duration": 0.4659889256442967
        },
        "11": {
            "pos": {
                "x": 0.5976657873816978,
                "y": 0.9882639526107883
            },
            "skillset": {
                "0": 0,
                "1": 1,
                "2": 1,
                "3": 0,
                "4": 0
            },
            "duration": 4.052802308535725
        },
        "12": {
            "pos": {
                "x": 0.9229197299226157,
                "y": 0.06633749605509576
            },
            "skillset": {
                "0": 0,
                "1": 1,
                "2": 0,
                "3": 1,
                "4": 0
            },
            "duration": 3.877233503517983
        },
        "13": {
            "pos": {
                "x": 0.0792889427910517,
                "y": 0.6336812658107657
            },
            "skillset": {
                "0": 0,
                "1": 0,
                "2": 0,
                "3": 0,
                "4": 1
            },
            "duration": 2.3261612318915024
        },
        "14": {
            "pos": {
                "x": 0.25674075557448994,
                "y": 0.3375420447527313
            },
            "skillset": {
                "0": 1,
                "1": 1,
                "2": 0,
                "3": 0,
                "4": 0
            },
            "duration": 2.4343450575595824
        },
        "15": {
            "pos": {
                "x": 0.41950360898553174,
                "y": 0.629579902459523
            },
            "skillset": {
                "0": 0,
                "1": 1,
                "2": 1,
                "3": 0,
                "4": 1
            },
            "duration": 2.477967817430851
        },
        "16": {
            "pos": {
                "x": 0.44547238798513045,
                "y": 0.13639326085368741
            },
            "skillset": {
                "0": 0,
                "1": 1,
                "2": 1,
                "3": 1,
                "4": 0
            },
            "duration": 4.516647217552206
        },
        "17": {
            "pos": {
                "x": 0.7460513893886346,
                "y": 0.7197189427771723
            },
            "skillset": {
                "0": 1,
                "1": 0,
                "2": 1,
                "3": 0,
                "4": 1
            },
            "duration": 0.4110668447916832
        },
        "18": {
            "pos": {
                "x": 0.31234086685191953,
                "y": 0.11876055413779729
            },
            "skillset": {
                "0": 0,
                "1": 1,
                "2": 0,
                "3": 1,
                "4": 1
            },
            "duration": 2.5603420986186713
        },
        "19": {
            "pos": {
                "x": 0.2871322808839959,
                "y": 0.04837540485941927
            },
            "skillset": {
                "0": 0,
                "1": 0,
                "2": 1,
                "3": 1,
                "4": 0
            },
            "duration": 2.8360092189190156
        }
    },
    "robots": {
        "0": {
            "pose": {
                "x": 0.31681797277668333,
                "y": 0.7849972003017239
            },
            "skillset": {
                "0": 1,
                "1": 0,
                "2": 0,
                "3": 0,
                "4": 0
            }
        },
        "1": {
            "pose": {
                "x": 0.31681797277668333,
                "y": 0.7849972003017239
            },
            "skillset": {
                "0": 1,
                "1": 0,
                "2": 0,
                "3": 0,
                "4": 0
            }
        },
        "2": {
            "pose": {
                "x": 0.31681797277668333,
                "y": 0.7849972003017239
            },
            "skillset": {
                "0": 1,
                "1": 0,
                "2": 0,