{
    "setup": {
        "robots": 15,
        "tasks": 20,
        "num_skills": 5,
        "robot_class": "WR",
        "task_class": "ST",
        "coverage": "SC"
    },
    "tasks": {
        "0": {
            "pos": {
                "x": 0.32202196610743183,
                "y": 0.8372853119180246
            },
            "skillset": {
                "0": 0,
                "1": 0,
                "2": 1,
                "3": 1,
                "4": 0
            },
            "duration": 3.0154977797538085
        },
        "1": {
            "pos": {
                "x": 0.9805574724585816,
                "y": 0.345953645232683
            },
            "skillset": {
                "0": 0,
                "1": 1,
                "2": 1,
                "3": 1,
                "4": 0
            },
            "duration": 2.3986828989202635
        },
        "2": {
            "pos": {
                "x": 0.8996801781617679,
                "y": 0.0911443485560044
            },
            "skillset": {
                "0": 1,
                "1": 0,
                "2": 1,
                "3": 1,
                "4": 1
            },
            "duration": 2.4897690270162083
        },
        "3": {
            "pos": {
                "x": 0.5792359205004859,
                "y": 0.3334892421339247
            },
            "skillset": {
                "0": 1,
                "1": 1,
                "2": 1,
                "3": 1,
                "4": 1
            },
            "duration": 0.6285986022230394
        },
        "4": {
            "pos": {
                "x": 0.9004941481393361,
                "y": 0.8908366458056568
            },
            "skillset": {
                "0": 1,
                "1": 1,
                "2": 0,
                "3": 0,
                "4": 0
            },
            "duration": 0.34188972698288356
        },
        "5": {
            "pos": {
                "x": 0.42572947132939665,
                "y": 0.6588599662820593
            },
            "skillset": {
                "0": 1,
                "1": 1,
                "2": 0,
                "3": 0,
                "4": 0
            },
            "duration": 2.130955811974368
        },
        "6": {
            "pos": {
                "x": 0.7029325479796551,
                "y": 0.16961217277577467
            },
            "skillset": {
                "0": 1,
                "1": 0,
                "2": 0,
                "3": 1,
                "4": 0
            },
            "duration": 3.1118086845226482
        },
        "7": {
            "pos": {
                "x": 0.2277687575894003,
                "y": 0.1509220262501526
            },
            "skillset": {
                "0": 1,
                "1": 0,
                "2": 1,
                "3": 1,
                "4": 0
            },
            "duration": 1.6335251178873555
        },
        "8": {
            "pos": {
                "x": 0.6323446624999868,
                "y": 0.5433139065494886
            },
            "skillset": {
                "0": 0,
                "1": 0,
                "2": 0,
                "3": 0,
                "4": 1
            },
            "duration": 0.9943654801059787
        },
        "9": {
            "pos": {
                "x": 0.5492332514371479,
                "y": 0.8232283294941367
            },
            "skillset": {
                "0": 1,
                "1": 1,
                "2": 0,
                "3": 0,
                "4": 1
            },
            "duration": 0.8061068497483809
        },
        "10": {
            "pos": {
                "x": 0.872233217763334,
                "y": 0.970090668060983
            },
            "skillset": {
                "0": 0,
                "1": 0,
                "2": 0,
                "3": 1,
                "4": 1
            },
            "duration": 3.9075588733444095
        },
        "11": {
            "pos": {
                "x": 0.18648049229704633,
                "y": 0.7289326341713255
            },
            "skillset": {
                "0": 1,
                "1": 1,
                "2": 0,
                "3": 0,
                "4": 1
            },
            "duration": 2.111386074425236
        },
        "12": {
            "pos": {
                "x": 0.8649738825434015,
                "y": 0.8373048801504954
            },
            "skillset": {
                "0": 1,
                "1": 0,
                "2": 0,
                "3": 0,
                "4": 1
            },
            "duration": 2.0759722746267006
        },
        "13": {
            "pos": {
                "x": 0.7370482210300323,
                "y": 0.3173370761963725
            },
            "skillset": {
                "0": 1,
                "1": 1,
                "2": 0,
                "3": 1,
                "4": 0
            },
            "duration": 1.5252774716009792
        },
        "14": {
            "pos": {
                "x": 0.4554497305447349,
                "y": 0.2082097537580364
            },
            "skillset": {
                "0": 0,
                "1": 0,
                "2": 1,
                "3": 1,
                "4": 1
            },
            "duration": 0.08566661787854424
        },
        "15": {
            "pos": {
                "x": 0.1489929900335557,
                "y": 0.05428609344899704
            },
            "skillset": {
                "0": 0,
                "1": 0,
                "2": 0,
                "3": 1,
                "4": 1
            },
            "duration": 1.6921658110361921
        },
        "16": {
            "pos": {
                "x": 0.5490877560873607,
                "y": 0.9965813142840091
            },
            "skillset": {
                "0": 1,
                "1": 1,
                "2": 0,
                "3": 1,
                "4": 0
            },
            "duration": 2.102044426003758
        },
        "17": {
            "pos": {
                "x": 0.04044559602559117,
                "y": 0.4000327511615023
            },
            "skillset": {
                "0": 0,
                "1": 1,
                "2": 0,
                "3": 0,
                "4": 0
            },
            "duration": 4.993556817938002
        },
        "18": {
            "pos": {
                "x": 0.7565313167065416,
                "y": 0.11956730579977148
            },
            "skillset": {
                "0": 1,
                "1": 1,
                "2": 1,
                "3": 1,
                "4": 0
            },
            "duration": 4.208799275075016
        },
        "19": {
            "pos": {
                "x": 0.06375452538093163,
                "y": 0.1203823869662265
            },
            "skillset": {
                "0": 0,
                "1": 0,
                "2": 1,
                "3": 0,
                "4": 1
            },
            "duration": 4.444573499928316
        }
    },
    "robots": {
        "0": {
            "pose": {
                "x": 0.6140699512099501,
                "y": 0.3034008450517609
            },
            "skillset": {
                "0": 1,
                "1": 0,
                "2": 0,
                "3": 0,
                "4": 0
            }
        },
        "1": {
            "pose": {
                "x": 0.6140699512099501,
                "y": 0.3034008450517609
            },
            "skillset": {
                "0": 1,
                "1": 0,
                "2": 0,
                "3": 0,
                "4": 0
            }
        },
        "2": {
            "pose": {
                "x": 0.6140699512099501,
                "y": 0.3034008450517609
            },
            "skillset": {
                "0": 1,
                "1": 0,
                "2": 0,