{
    "setup": {
        "robots": 15,
        "tasks": 20,
        "num_skills": 5,
        "robot_class": "WR",
        "task_class": "ST",
        "coverage": "SC"
    },
    "tasks": {
        "0": {
            "pos": {
                "x": 0.08463363723614303,
                "y": 0.3736744868976104
            },
            "skillset": {
                "0": 0,
                "1": 0,
                "2": 1,
                "3": 1,
                "4": 1
            },
            "duration": 4.943718141685705
        },
        "1": {
            "pos": {
                "x": 0.26170388003763134,
                "y": 0.3235558739120118
            },
            "skillset": {
                "0": 1,
                "1": 0,
                "2": 1,
                "3": 0,
                "4": 1
            },
            "duration": 1.2188690796716233
        },
        "2": {
            "pos": {
                "x": 0.7085057773103743,
                "y": 0.01078624000387618
            },
            "skillset": {
                "0": 1,
                "1": 1,
                "2": 1,
                "3": 0,
                "4": 1
            },
            "duration": 1.5512285711122868
        },
        "3": {
            "pos": {
                "x": 0.9692745488363252,
                "y": 0.6051771667121882
            },
            "skillset": {
                "0": 1,
                "1": 1,
                "2": 0,
                "3": 1,
                "4": 0
            },
            "duration": 1.7626876563016913
        },
        "4": {
            "pos": {
                "x": 0.39431969156537094,
                "y": 0.8000099709638143
            },
            "skillset": {
                "0": 0,
                "1": 0,
                "2": 0,
                "3": 0,
                "4": 1
            },
            "duration": 3.971513457716995
        },
        "5": {
            "pos": {
                "x": 0.8803324290771192,
                "y": 0.18651796308263813
            },
            "skillset": {
                "0": 1,
                "1": 0,
                "2": 0,
                "3": 0,
                "4": 1
            },
            "duration": 2.187502883087089
        },
        "6": {
            "pos": {
                "x": 0.43907147632271804,
                "y": 0.7307361934368981
            },
            "skillset": {
                "0": 1,
                "1": 1,
                "2": 0,
                "3": 0,
                "4": 1
            },
            "duration": 4.94330261770888
        },
        "7": {
            "pos": {
                "x": 0.6069815170979157,
                "y": 0.10005621009177124
            },
            "skillset": {
                "0": 1,
                "1": 1,
                "2": 0,
                "3": 0,
                "4": 1
            },
            "duration": 2.020681269641215
        },
        "8": {
            "pos": {
                "x": 0.8799266721441921,
                "y": 0.36723386648206147
            },
            "skillset": {
                "0": 1,
                "1": 1,
                "2": 0,
                "3": 0,
                "4": 0
            },
            "duration": 2.792394909756879
        },
        "9": {
            "pos": {
                "x": 0.6465538530738211,
                "y": 0.3694155830692407
            },
            "skillset": {
                "0": 0,
                "1": 1,
                "2": 0,
                "3": 0,
                "4": 0
            },
            "duration": 1.9955403681739798
        },
        "10": {
            "pos": {
                "x": 0.8320487869781281,
                "y": 0.36377579761501566
            },
            "skillset": {
                "0": 0,
                "1": 1,
                "2": 1,
                "3": 0,
                "4": 1
            },
            "duration": 2.0393306512560945
        },
        "11": {
            "pos": {
                "x": 0.7836007257613794,
                "y": 0.5423363691089476
            },
            "skillset": {
                "0": 0,
                "1": 0,
                "2": 0,
                "3": 1,
                "4": 1
            },
            "duration": 1.3219389872349419
        },
        "12": {
            "pos": {
                "x": 0.7882336433391923,
                "y": 0.18816381659804127
            },
            "skillset": {
                "0": 0,
                "1": 0,
                "2": 0,
                "3": 1,
                "4": 0
            },
            "duration": 2.647322820814471
        },
        "13": {
            "pos": {
                "x": 0.017627950041871454,
                "y": 0.44700827191769565
            },
            "skillset": {
                "0": 1,
                "1": 0,
                "2": 1,
                "3": 1,
                "4": 0
            },
            "duration": 4.033481894480045
        },
        "14": {
            "pos": {
                "x": 0.26070547537864575,
                "y": 0.7494974772509303
            },
            "skillset": {
                "0": 1,
                "1": 1,
                "2": 1,
                "3": 0,
                "4": 0
            },
            "duration": 1.8037597416401308
        },
        "15": {
            "pos": {
                "x": 0.37395464703327674,
                "y": 0.15642184551036464
            },
            "skillset": {
                "0": 1,
                "1": 1,
                "2": 0,
                "3": 1,
                "4": 0
            },
            "duration": 3.4055975802827616
        },
        "16": {
            "pos": {
                "x": 0.921705472208746,
                "y": 0.5960939596302847
            },
            "skillset": {
                "0": 0,
                "1": 0,
                "2": 1,
                "3": 1,
                "4": 0
            },
            "duration": 0.6677812489009916
        },
        "17": {
            "pos": {
                "x": 0.449474427834198,
                "y": 0.6974042253253171
            },
            "skillset": {
                "0": 0,
                "1": 0,
                "2": 1,
                "3": 1,
                "4": 1
            },
            "duration": 4.600885599610334
        },
        "18": {
            "pos": {
                "x": 0.10224964496119138,
                "y": 0.03819017345130815
            },
            "skillset": {
                "0": 1,
                "1": 0,
                "2": 1,
                "3": 0,
                "4": 0
            },
            "duration": 0.2839619786443165
        },
        "19": {
            "pos": {
                "x": 0.8579224897167251,
                "y": 0.021164207875975505
            },
            "skillset": {
                "0": 0,
                "1": 1,
                "2": 1,
                "3": 1,
                "4": 0
            },
            "duration": 0.1428773147282314
        }
    },
    "robots": {
        "0": {
            "pose": {
                "x": 0.38580497661617585,
                "y": 0.028926134854440733
            },
            "skillset": {
                "0": 1,
                "1": 0,
                "2": 0,
                "3": 0,
                "4": 0
            }
        },
        "1": {
            "pose": {
                "x": 0.38580497661617585,
                "y": 0.028926134854440733
            },
            "skillset": {
                "0": 1,
                "1": 0,
                "2": 0,
                "3": 0,
                "4": 0
            }
        },
        "2": {
            "pose": {
                "x": 0.38580497661617585,
                "y": 0.028926134854440733
            },
            "skillset": {
                "0": 1,
                "1": 0,
                "2": 0,