{
    "setup": {
        "robots": 15,
        "tasks": 20,
        "num_skills": 5,
        "robot_class": "WR",
        "task_class": "ST",
        "coverage": "SC"
    },
    "tasks": {
        "0": {
            "pos": {
                "x": 0.8029043315657559,
                "y": 0.21440558037100654
            },
            "skillset": {
                "0": 0,
                "1": 0,
                "2": 1,
                "3": 0,
                "4": 1
            },
            "duration": 4.564622784413533
        },
        "1": {
            "pos": {
                "x": 0.11684073812559082,
                "y": 0.28231224228835183
            },
            "skillset": {
                "0": 1,
                "1": 0,
                "2": 1,
                "3": 0,
                "4": 0
            },
            "duration": 1.6451392218742282
        },
        "2": {
            "pos": {
                "x": 0.48574135089227755,
                "y": 0.28762016167293425
            },
            "skillset": {
                "0": 1,
                "1": 0,
                "2": 0,
                "3": 0,
                "4": 0
            },
            "duration": 4.019303529498047
        },
        "3": {
            "pos": {
                "x": 0.2896409676368613,
                "y": 0.8249605506924169
            },
            "skillset": {
                "0": 1,
                "1": 0,
                "2": 1,
                "3": 1,
                "4": 1
            },
            "duration": 0.4411953935288021
        },
        "4": {
            "pos": {
                "x": 0.1523635386604567,
                "y": 0.7342579363908983
            },
            "skillset": {
                "0": 1,
                "1": 1,
                "2": 1,
                "3": 0,
                "4": 0
            },
            "duration": 1.4854134147356701
        },
        "5": {
            "pos": {
                "x": 0.030960491908921695,
                "y": 0.28678941193529994
            },
            "skillset": {
                "0": 1,
                "1": 1,
                "2": 0,
                "3": 1,
                "4": 0
            },
            "duration": 0.5102612674797219
        },
        "6": {
            "pos": {
                "x": 0.3921057462907611,
                "y": 0.27827129188098154
            },
            "skillset": {
                "0": 1,
                "1": 0,
                "2": 1,
                "3": 0,
                "4": 1
            },
            "duration": 0.7196948712901424
        },
        "7": {
            "pos": {
                "x": 0.22021344204274262,
                "y": 0.6928886722466397
            },
            "skillset": {
                "0": 1,
                "1": 0,
                "2": 1,
                "3": 0,
                "4": 0
            },
            "duration": 0.22692908392459243
        },
        "8": {
            "pos": {
                "x": 0.5004297373706884,
                "y": 0.6964297851126204
            },
            "skillset": {
                "0": 0,
                "1": 1,
                "2": 1,
                "3": 0,
                "4": 0
            },
            "duration": 2.3920102049168297
        },
        "9": {
            "pos": {
                "x": 0.6458767772059673,
                "y": 0.9163907233087534
            },
            "skillset": {
                "0": 0,
                "1": 0,
                "2": 0,
                "3": 0,
                "4": 1
            },
            "duration": 1.9391222546417248
        },
        "10": {
            "pos": {
                "x": 0.4320790691028279,
                "y": 0.31434936084418164
            },
            "skillset": {
                "0": 1,
                "1": 0,
                "2": 1,
                "3": 1,
                "4": 1
            },
            "duration": 3.1508194997983403
        },
        "11": {
            "pos": {
                "x": 0.44729548536835706,
                "y": 0.559551673391315
            },
            "skillset": {
                "0": 1,
                "1": 1,
                "2": 0,
                "3": 0,
                "4": 0
            },
            "duration": 0.6860128467245769
        },
        "12": {
            "pos": {
                "x": 0.3158811775470881,
                "y": 0.3586197276851262
            },
            "skillset": {
                "0": 0,
                "1": 1,
                "2": 1,
                "3": 0,
                "4": 1
            },
            "duration": 4.610981672825309
        },
        "13": {
            "pos": {
                "x": 0.24005165639365234,
                "y": 0.44334160887397644
            },
            "skillset": {
                "0": 1,
                "1": 1,
                "2": 0,
                "3": 1,
                "4": 0
            },
            "duration": 2.2166412191400515
        },
        "14": {
            "pos": {
                "x": 0.9963251014988973,
                "y": 0.3264296690369495
            },
            "skillset": {
                "0": 0,
                "1": 1,
                "2": 0,
                "3": 1,
                "4": 1
            },
            "duration": 1.244481956702067
        },
        "15": {
            "pos": {
                "x": 0.9249571978082223,
                "y": 0.2528664657199755
            },
            "skillset": {
                "0": 0,
                "1": 0,
                "2": 0,
                "3": 1,
                "4": 0
            },
            "duration": 1.1102936125063172
        },
        "16": {
            "pos": {
                "x": 0.707381097365567,
                "y": 0.6890437927013784
            },
            "skillset": {
                "0": 1,
                "1": 0,
                "2": 0,
                "3": 1,
                "4": 1
            },
            "duration": 3.520280695570533
        },
        "17": {
            "pos": {
                "x": 0.9694955223426894,
                "y": 0.6775523415230871
            },
            "skillset": {
                "0": 0,
                "1": 0,
                "2": 1,
                "3": 0,
                "4": 1
            },
            "duration": 2.247158991462381
        },
        "18": {
            "pos": {
                "x": 0.7140154763973274,
                "y": 0.8545654649520354
            },
            "skillset": {
                "0": 1,
                "1": 0,
                "2": 0,
                "3": 1,
                "4": 0
            },
            "duration": 1.148877350181185
        },
        "19": {
            "pos": {
                "x": 0.8459425934483942,
                "y": 0.48821469126941874
            },
            "skillset": {
                "0": 1,
                "1": 1,
                "2": 1,
                "3": 0,
                "4": 0
            },
            "duration": 3.463331483899092
        }
    },
    "robots": {
        "0": {
            "pose": {
                "x": 0.34636229887691694,
                "y": 0.15473016198636702
            },
            "skillset": {
                "0": 1,
                "1": 0,
                "2": 0,
                "3": 0,
                "4": 0
            }
        },
        "1": {
            "pose": {
                "x": 0.34636229887691694,
                "y": 0.15473016198636702
            },
            "skillset": {
                "0": 1,
                "1": 0,
                "2": 0,
                "3": 0,
                "4": 0
            }
        },
        "2": {
            "pose": {
                "x": 0.34636229887691694,
                "y": 0.15473016198636702
            },
            "skillset": {
                "0": 1,
                "1": 0,
                "2": 0,