{
    "setup": {
        "robots": 15,
        "tasks": 20,
        "num_skills": 5,
        "robot_class": "WR",
        "task_class": "ST",
        "coverage": "SC"
    },
    "tasks": {
        "0": {
            "pos": {
                "x": 0.890581224217704,
                "y": 0.9860735789496885
            },
            "skillset": {
                "0": 0,
                "1": 1,
                "2": 1,
                "3": 1,
                "4": 1
            },
            "duration": 2.606755953727975
        },
        "1": {
            "pos": {
                "x": 0.9106412009528244,
                "y": 0.9423852114535196
            },
            "skillset": {
                "0": 1,
                "1": 0,
                "2": 1,
                "3": 1,
                "4": 1
            },
            "duration": 2.4179324762011607
        },
        "2": {
            "pos": {
                "x": 0.5792220503961288,
                "y": 0.441824653119958
            },
            "skillset": {
                "0": 0,
                "1": 1,
                "2": 1,
                "3": 0,
                "4": 0
            },
            "duration": 4.286017807658572
        },
        "3": {
            "pos": {
                "x": 0.978358572169637,
                "y": 0.21130354518991035
            },
            "skillset": {
                "0": 1,
                "1": 0,
                "2": 1,
                "3": 1,
                "4": 1
            },
            "duration": 2.4014126289424804
        },
        "4": {
            "pos": {
                "x": 0.16325064945998125,
                "y": 0.6455485264163483
            },
            "skillset": {
                "0": 1,
                "1": 1,
                "2": 0,
                "3": 1,
                "4": 1
            },
            "duration": 3.076934055060401
        },
        "5": {
            "pos": {
                "x": 0.9976779484065844,
                "y": 0.6588093143737515
            },
            "skillset": {
                "0": 0,
                "1": 0,
                "2": 1,
                "3": 1,
                "4": 0
            },
            "duration": 2.7010215672338993
        },
        "6": {
            "pos": {
                "x": 0.8613530086875345,
                "y": 0.6231341522885272
            },
            "skillset": {
                "0": 1,
                "1": 1,
                "2": 1,
                "3": 0,
                "4": 1
            },
            "duration": 2.050558835301371
        },
        "7": {
            "pos": {
                "x": 0.4965577038209983,
                "y": 0.05511337448633247
            },
            "skillset": {
                "0": 0,
                "1": 0,
                "2": 1,
                "3": 1,
                "4": 1
            },
            "duration": 1.1869104850625982
        },
        "8": {
            "pos": {
                "x": 0.4158707164671376,
                "y": 0.45756474843012307
            },
            "skillset": {
                "0": 0,
                "1": 0,
                "2": 1,
                "3": 1,
                "4": 0
            },
            "duration": 1.8500553444475054
        },
        "9": {
            "pos": {
                "x": 0.015408156565382636,
                "y": 0.800356550491916
            },
            "skillset": {
                "0": 0,
                "1": 1,
                "2": 1,
                "3": 1,
                "4": 0
            },
            "duration": 3.1802273143812148
        },
        "10": {
            "pos": {
                "x": 0.42959449093894764,
                "y": 0.7682502696583885
            },
            "skillset": {
                "0": 0,
                "1": 0,
                "2": 0,
                "3": 1,
                "4": 1
            },
            "duration": 2.9842195005212364
        },
        "11": {
            "pos": {
                "x": 0.663671882664177,
                "y": 0.5933155065893319
            },
            "skillset": {
                "0": 0,
                "1": 1,
                "2": 1,
                "3": 1,
                "4": 0
            },
            "duration": 0.8224200567734358
        },
        "12": {
            "pos": {
                "x": 0.2962087986295855,
                "y": 0.9901798312093887
            },
            "skillset": {
                "0": 1,
                "1": 0,
                "2": 0,
                "3": 1,
                "4": 1
            },
            "duration": 0.5982344900050524
        },
        "13": {
            "pos": {
                "x": 0.1319538306200425,
                "y": 0.6234755511413721
            },
            "skillset": {
                "0": 0,
                "1": 0,
                "2": 1,
                "3": 1,
                "4": 1
            },
            "duration": 4.9053136742102
        },
        "14": {
            "pos": {
                "x": 0.2532512172765622,
                "y": 0.4615017624552037
            },
            "skillset": {
                "0": 1,
                "1": 0,
                "2": 1,
                "3": 1,
                "4": 0
            },
            "duration": 4.173496220177707
        },
        "15": {
            "pos": {
                "x": 0.36652369071475277,
                "y": 0.7340638489941351
            },
            "skillset": {
                "0": 1,
                "1": 0,
                "2": 0,
                "3": 0,
                "4": 1
            },
            "duration": 1.3283616657827828
        },
        "16": {
            "pos": {
                "x": 0.30000255650455565,
                "y": 0.9454338703463244
            },
            "skillset": {
                "0": 0,
                "1": 1,
                "2": 1,
                "3": 0,
                "4": 1
            },
            "duration": 2.466367310313839
        },
        "17": {
            "pos": {
                "x": 0.22545653835451762,
                "y": 0.020470147196415045
            },
            "skillset": {
                "0": 1,
                "1": 0,
                "2": 1,
                "3": 1,
                "4": 1
            },
            "duration": 0.008453617017665782
        },
        "18": {
            "pos": {
                "x": 0.0662862875469552,
                "y": 0.8049242405728955
            },
            "skillset": {
                "0": 1,
                "1": 1,
                "2": 1,
                "3": 0,
                "4": 0
            },
            "duration": 0.8911196313306458
        },
        "19": {
            "pos": {
                "x": 0.13246202035201382,
                "y": 0.035581885856846185
            },
            "skillset": {
                "0": 0,
                "1": 1,
                "2": 0,
                "3": 1,
                "4": 0
            },
            "duration": 0.607660211058908
        }
    },
    "robots": {
        "0": {
            "pose": {
                "x": 0.1985654143045532,
                "y": 0.7580536097044075
            },
            "skillset": {
                "0": 1,
                "1": 0,
                "2": 0,
                "3": 0,
                "4": 0
            }
        },
        "1": {
            "pose": {
                "x": 0.1985654143045532,
                "y": 0.7580536097044075
            },
            "skillset": {
                "0": 1,
                "1": 0,
                "2": 0,
                "3": 0,
                "4": 0
            }
        },
        "2": {
            "pose": {
                "x": 0.1985654143045532,
                "y": 0.7580536097044075
            },
            "skillset": {
                "0": 1,
                "1": 0,
                "2": 0,