{
    "setup": {
        "robots": 15,
        "tasks": 20,
        "num_skills": 5,
        "robot_class": "WR",
        "task_class": "ST",
        "coverage": "SC"
    },
    "tasks": {
        "0": {
            "pos": {
                "x": 0.28187782736454214,
                "y": 0.2152181671629736
            },
            "skillset": {
                "0": 0,
                "1": 1,
                "2": 1,
                "3": 1,
                "4": 0
            },
            "duration": 1.708973619700565
        },
        "1": {
            "pos": {
                "x": 0.6393313800665879,
                "y": 0.8050548331450097
            },
            "skillset": {
                "0": 0,
                "1": 1,
                "2": 1,
                "3": 0,
                "4": 0
            },
            "duration": 2.7183464483422783
        },
        "2": {
            "pos": {
                "x": 0.9636708728449709,
                "y": 0.15052483042117748
            },
            "skillset": {
                "0": 1,
                "1": 0,
                "2": 0,
                "3": 1,
                "4": 0
            },
            "duration": 0.981484425573767
        },
        "3": {
            "pos": {
                "x": 0.48221238819933654,
                "y": 0.8947158621961735
            },
            "skillset": {
                "0": 0,
                "1": 1,
                "2": 1,
                "3": 0,
                "4": 0
            },
            "duration": 4.98070595059314
        },
        "4": {
            "pos": {
                "x": 0.4227169069454373,
                "y": 0.5895020620840481
            },
            "skillset": {
                "0": 1,
                "1": 1,
                "2": 1,
                "3": 1,
                "4": 1
            },
            "duration": 1.2160773215316356
        },
        "5": {
            "pos": {
                "x": 0.0244906774933632,
                "y": 0.6734598871529389
            },
            "skillset": {
                "0": 0,
                "1": 0,
                "2": 1,
                "3": 0,
                "4": 0
            },
            "duration": 1.2843373361355137
        },
        "6": {
            "pos": {
                "x": 0.9190886196338225,
                "y": 0.8268253295567211
            },
            "skillset": {
                "0": 0,
                "1": 0,
                "2": 1,
                "3": 0,
                "4": 0
            },
            "duration": 0.3659503619548299
        },
        "7": {
            "pos": {
                "x": 0.8855202667099468,
                "y": 0.6603553805205233
            },
            "skillset": {
                "0": 0,
                "1": 1,
                "2": 0,
                "3": 1,
                "4": 0
            },
            "duration": 1.2890155949836828
        },
        "8": {
            "pos": {
                "x": 0.24555226724317758,
                "y": 0.7685169988962544
            },
            "skillset": {
                "0": 0,
                "1": 1,
                "2": 0,
                "3": 0,
                "4": 0
            },
            "duration": 3.815642662720266
        },
        "9": {
            "pos": {
                "x": 0.2116747426075105,
                "y": 0.8312748346644612
            },
            "skillset": {
                "0": 0,
                "1": 0,
                "2": 1,
                "3": 1,
                "4": 1
            },
            "duration": 3.4894678534154067
        },
        "10": {
            "pos": {
                "x": 0.06271792257076825,
                "y": 0.8254878133935558
            },
            "skillset": {
                "0": 0,
                "1": 1,
                "2": 0,
                "3": 1,
                "4": 1
            },
            "duration": 0.6433660615858472
        },
        "11": {
            "pos": {
                "x": 0.1645072664741013,
                "y": 0.37514699649664185
            },
            "skillset": {
                "0": 0,
                "1": 1,
                "2": 0,
                "3": 0,
                "4": 1
            },
            "duration": 1.8811925071404711
        },
        "12": {
            "pos": {
                "x": 0.3167381665569643,
                "y": 0.6913370352777413
            },
            "skillset": {
                "0": 0,
                "1": 1,
                "2": 0,
                "3": 0,
                "4": 0
            },
            "duration": 2.1046069730873147
        },
        "13": {
            "pos": {
                "x": 0.17857187817437192,
                "y": 0.39625616221698645
            },
            "skillset": {
                "0": 1,
                "1": 0,
                "2": 1,
                "3": 0,
                "4": 1
            },
            "duration": 3.3249212318098036
        },
        "14": {
            "pos": {
                "x": 0.0058245951079809455,
                "y": 0.2624947127501015
            },
            "skillset": {
                "0": 1,
                "1": 1,
                "2": 0,
                "3": 0,
                "4": 1
            },
            "duration": 2.2796448152187443
        },
        "15": {
            "pos": {
                "x": 0.42118881422895527,
                "y": 0.10592123670732445
            },
            "skillset": {
                "0": 1,
                "1": 1,
                "2": 0,
                "3": 0,
                "4": 0
            },
            "duration": 2.932591634127657
        },
        "16": {
            "pos": {
                "x": 0.6331599460365578,
                "y": 0.38042426988653233
            },
            "skillset": {
                "0": 0,
                "1": 1,
                "2": 1,
                "3": 1,
                "4": 0
            },
            "duration": 4.1984230180447115
        },
        "17": {
            "pos": {
                "x": 0.7252939380762389,
                "y": 0.6538660110683944
            },
            "skillset": {
                "0": 1,
                "1": 1,
                "2": 0,
                "3": 0,
                "4": 1
            },
            "duration": 3.632368051561852
        },
        "18": {
            "pos": {
                "x": 0.4312267487774062,
                "y": 0.8673205056421992
            },
            "skillset": {
                "0": 1,
                "1": 1,
                "2": 1,
                "3": 1,
                "4": 1
            },
            "duration": 1.8250363175427946
        },
        "19": {
            "pos": {
                "x": 0.632135117500167,
                "y": 0.8102743521062991
            },
            "skillset": {
                "0": 1,
                "1": 0,
                "2": 0,
                "3": 1,
                "4": 1
            },
            "duration": 2.241981546722421
        }
    },
    "robots": {
        "0": {
            "pose": {
                "x": 0.6832869060032571,
                "y": 0.787096941554801
            },
            "skillset": {
                "0": 1,
                "1": 0,
                "2": 0,
                "3": 0,
                "4": 0
            }
        },
        "1": {
            "pose": {
                "x": 0.6832869060032571,
                "y": 0.787096941554801
            },
            "skillset": {
                "0": 1,
                "1": 0,
                "2": 0,
                "3": 0,
                "4": 0
            }
        },
        "2": {
            "pose": {
                "x": 0.6832869060032571,
                "y": 0.787096941554801
            },
            "skillset": {
                "0": 1,
                "1": 0,
                "2": 0,