{
    "setup": {
        "robots": 15,
        "tasks": 20,
        "num_skills": 5,
        "robot_class": "WR",
        "task_class": "ST",
        "coverage": "SC"
    },
    "tasks": {
        "0": {
            "pos": {
                "x": 0.4596156909865846,
                "y": 0.008205581318655342
            },
            "skillset": {
                "0": 0,
                "1": 0,
                "2": 1,
                "3": 0,
                "4": 1
            },
            "duration": 2.302924679934755
        },
        "1": {
            "pos": {
                "x": 0.5814495851396211,
                "y": 0.18405507414561872
            },
            "skillset": {
                "0": 1,
                "1": 0,
                "2": 0,
                "3": 1,
                "4": 1
            },
            "duration": 0.8485965340337032
        },
        "2": {
            "pos": {
                "x": 0.12540304593883533,
                "y": 0.8657070171740358
            },
            "skillset": {
                "0": 1,
                "1": 1,
                "2": 1,
                "3": 1,
                "4": 0
            },
            "duration": 1.4531688199006547
        },
        "3": {
            "pos": {
                "x": 0.028538738948029607,
                "y": 0.44423915223255706
            },
            "skillset": {
                "0": 1,
                "1": 1,
                "2": 0,
                "3": 1,
                "4": 0
            },
            "duration": 1.7932499493651584
        },
        "4": {
            "pos": {
                "x": 0.15372976661247573,
                "y": 0.36521730190799884
            },
            "skillset": {
                "0": 1,
                "1": 0,
                "2": 1,
                "3": 1,
                "4": 1
            },
            "duration": 4.95436329210931
        },
        "5": {
            "pos": {
                "x": 0.6063393491022768,
                "y": 0.4052635641614801
            },
            "skillset": {
                "0": 1,
                "1": 1,
                "2": 0,
                "3": 1,
                "4": 1
            },
            "duration": 3.7336723126664166
        },
        "6": {
            "pos": {
                "x": 0.10275250056028351,
                "y": 0.2774048021543919
            },
            "skillset": {
                "0": 1,
                "1": 1,
                "2": 0,
                "3": 0,
                "4": 0
            },
            "duration": 4.168593332484177
        },
        "7": {
            "pos": {
                "x": 0.12005806119641016,
                "y": 0.0893565069266733
            },
            "skillset": {
                "0": 0,
                "1": 1,
                "2": 0,
                "3": 0,
                "4": 1
            },
            "duration": 1.2428812280792827
        },
        "8": {
            "pos": {
                "x": 0.05200475848483377,
                "y": 0.0690817987038369
            },
            "skillset": {
                "0": 1,
                "1": 1,
                "2": 1,
                "3": 0,
                "4": 0
            },
            "duration": 2.545648483904385
        },
        "9": {
            "pos": {
                "x": 0.06276904301822939,
                "y": 0.1242605992172604
            },
            "skillset": {
                "0": 1,
                "1": 1,
                "2": 1,
                "3": 1,
                "4": 0
            },
            "duration": 2.872343763104745
        },
        "10": {
            "pos": {
                "x": 0.9693274778733754,
                "y": 0.06252584616551693
            },
            "skillset": {
                "0": 0,
                "1": 1,
                "2": 0,
                "3": 1,
                "4": 1
            },
            "duration": 2.515800674828823
        },
        "11": {
            "pos": {
                "x": 0.7069073236263367,
                "y": 0.5629017844413727
            },
            "skillset": {
                "0": 1,
                "1": 1,
                "2": 1,
                "3": 1,
                "4": 1
            },
            "duration": 3.81731818696053
        },
        "12": {
            "pos": {
                "x": 0.20145812552728948,
                "y": 0.36836667764980746
            },
            "skillset": {
                "0": 1,
                "1": 0,
                "2": 1,
                "3": 0,
                "4": 1
            },
            "duration": 2.158356827838739
        },
        "13": {
            "pos": {
                "x": 0.8054562086875554,
                "y": 0.11685503046425605
            },
            "skillset": {
                "0": 0,
                "1": 0,
                "2": 1,
                "3": 1,
                "4": 1
            },
            "duration": 0.538441402832846
        },
        "14": {
            "pos": {
                "x": 0.8907587666678406,
                "y": 0.536435541461419
            },
            "skillset": {
                "0": 0,
                "1": 1,
                "2": 0,
                "3": 1,
                "4": 1
            },
            "duration": 3.333814340233398
        },
        "15": {
            "pos": {
                "x": 0.17282733162620834,
                "y": 0.34531299526614145
            },
            "skillset": {
                "0": 1,
                "1": 0,
                "2": 1,
                "3": 0,
                "4": 1
            },
            "duration": 4.046147997445303
        },
        "16": {
            "pos": {
                "x": 0.2736897180259822,
                "y": 0.41533849106685294
            },
            "skillset": {
                "0": 1,
                "1": 1,
                "2": 1,
                "3": 1,
                "4": 0
            },
            "duration": 0.04833248631328779
        },
        "17": {
            "pos": {
                "x": 0.411473681529133,
                "y": 0.7146220025054199
            },
            "skillset": {
                "0": 0,
                "1": 1,
                "2": 1,
                "3": 1,
                "4": 1
            },
            "duration": 0.43254968703591523
        },
        "18": {
            "pos": {
                "x": 0.1993654055931997,
                "y": 0.6919047477879599
            },
            "skillset": {
                "0": 0,
                "1": 1,
                "2": 0,
                "3": 1,
                "4": 0
            },
            "duration": 3.6073315308326164
        },
        "19": {
            "pos": {
                "x": 0.25703918902691525,
                "y": 0.0025382082275652307
            },
            "skillset": {
                "0": 0,
                "1": 0,
                "2": 0,
                "3": 0,
                "4": 1
            },
            "duration": 3.9982840754287103
        }
    },
    "robots": {
        "0": {
            "pose": {
                "x": 0.8762297101662501,
                "y": 0.8441213733402856
            },
            "skillset": {
                "0": 1,
                "1": 0,
                "2": 0,
                "3": 0,
                "4": 0
            }
        },
        "1": {
            "pose": {
                "x": 0.8762297101662501,
                "y": 0.8441213733402856
            },
            "skillset": {
                "0": 1,
                "1": 0,
                "2": 0,
                "3": 0,
                "4": 0
            }
        },
        "2": {
            "pose": {
                "x": 0.8762297101662501,
                "y": 0.8441213733402856
            },
            "skillset": {
                "0": 1,
                "1": 0,
                "2": 0,