{
    "setup": {
        "robots": 15,
        "tasks": 20,
        "num_skills": 5,
        "robot_class": "WR",
        "task_class": "ST",
        "coverage": "SC"
    },
    "tasks": {
        "0": {
            "pos": {
                "x": 0.8070479361350381,
                "y": 0.10747158986928151
            },
            "skillset": {
                "0": 1,
                "1": 1,
                "2": 1,
                "3": 1,
                "4": 1
            },
            "duration": 2.553194025551728
        },
        "1": {
            "pos": {
                "x": 0.39218891369662,
                "y": 0.8764338171832751
            },
            "skillset": {
                "0": 1,
                "1": 1,
                "2": 0,
                "3": 0,
                "4": 1
            },
            "duration": 1.898442747348379
        },
        "2": {
            "pos": {
                "x": 0.9176424148326532,
                "y": 0.23347626866165183
            },
            "skillset": {
                "0": 0,
                "1": 0,
                "2": 1,
                "3": 1,
                "4": 1
            },
            "duration": 3.6972434621408983
        },
        "3": {
            "pos": {
                "x": 0.07872015051065484,
                "y": 0.7877274984582051
            },
            "skillset": {
                "0": 0,
                "1": 1,
                "2": 1,
                "3": 0,
                "4": 1
            },
            "duration": 0.914904030232912
        },
        "4": {
            "pos": {
                "x": 0.6217780653960236,
                "y": 0.23750481762383724
            },
            "skillset": {
                "0": 0,
                "1": 1,
                "2": 0,
                "3": 0,
                "4": 1
            },
            "duration": 1.424063012047338
        },
        "5": {
            "pos": {
                "x": 0.5058931942110064,
                "y": 0.07141822207521653
            },
            "skillset": {
                "0": 0,
                "1": 0,
                "2": 1,
                "3": 1,
                "4": 1
            },
            "duration": 1.4597041117208953
        },
        "6": {
            "pos": {
                "x": 0.7000873205228134,
                "y": 0.5267254559660564
            },
            "skillset": {
                "0": 1,
                "1": 0,
                "2": 1,
                "3": 1,
                "4": 1
            },
            "duration": 2.076590215131415
        },
        "7": {
            "pos": {
                "x": 0.7046478644400155,
                "y": 0.08816937300957906
            },
            "skillset": {
                "0": 1,
                "1": 1,
                "2": 0,
                "3": 0,
                "4": 1
            },
            "duration": 4.535569246532948
        },
        "8": {
            "pos": {
                "x": 0.6448150233012536,
                "y": 0.3703358831447625
            },
            "skillset": {
                "0": 0,
                "1": 1,
                "2": 0,
                "3": 1,
                "4": 0
            },
            "duration": 4.062698149890897
        },
        "9": {
            "pos": {
                "x": 0.49930856599360807,
                "y": 0.3354824997585163
            },
            "skillset": {
                "0": 1,
                "1": 0,
                "2": 0,
                "3": 1,
                "4": 0
            },
            "duration": 4.108016933806619
        },
        "10": {
            "pos": {
                "x": 0.6340865263587694,
                "y": 0.5682609350720068
            },
            "skillset": {
                "0": 0,
                "1": 0,
                "2": 1,
                "3": 1,
                "4": 0
            },
            "duration": 3.155749315278051
        },
        "11": {
            "pos": {
                "x": 0.6171147570912221,
                "y": 0.06337962067785763
            },
            "skillset": {
                "0": 1,
                "1": 1,
                "2": 0,
                "3": 0,
                "4": 0
            },
            "duration": 0.041069101682220666
        },
        "12": {
            "pos": {
                "x": 0.2251416010112336,
                "y": 0.07190456077139007
            },
            "skillset": {
                "0": 0,
                "1": 1,
                "2": 1,
                "3": 1,
                "4": 1
            },
            "duration": 1.4306652693780542
        },
        "13": {
            "pos": {
                "x": 0.38329784981379944,
                "y": 0.48100849377568133
            },
            "skillset": {
                "0": 1,
                "1": 1,
                "2": 1,
                "3": 0,
                "4": 0
            },
            "duration": 2.508997013446349
        },
        "14": {
            "pos": {
                "x": 0.1123419427625385,
                "y": 0.6675890848926654
            },
            "skillset": {
                "0": 1,
                "1": 1,
                "2": 0,
                "3": 0,
                "4": 0
            },
            "duration": 4.492273751001136
        },
        "15": {
            "pos": {
                "x": 0.4873567562930381,
                "y": 0.5003297120648612
            },
            "skillset": {
                "0": 1,
                "1": 0,
                "2": 0,
                "3": 0,
                "4": 0
            },
            "duration": 1.8188921254453168
        },
        "16": {
            "pos": {
                "x": 0.5974658410028173,
                "y": 0.9348783961041196
            },
            "skillset": {
                "0": 1,
                "1": 1,
                "2": 0,
                "3": 1,
                "4": 1
            },
            "duration": 2.752797317681675
        },
        "17": {
            "pos": {
                "x": 0.5888649666583986,
                "y": 0.09348256345066186
            },
            "skillset": {
                "0": 0,
                "1": 1,
                "2": 0,
                "3": 0,
                "4": 0
            },
            "duration": 4.24272419063993
        },
        "18": {
            "pos": {
                "x": 0.14646922718474464,
                "y": 0.693893127032335
            },
            "skillset": {
                "0": 1,
                "1": 0,
                "2": 1,
                "3": 0,
                "4": 1
            },
            "duration": 1.7070324603187799
        },
        "19": {
            "pos": {
                "x": 0.3226172174772325,
                "y": 0.7552872255018457
            },
            "skillset": {
                "0": 1,
                "1": 0,
                "2": 1,
                "3": 0,
                "4": 0
            },
            "duration": 3.7403741806793778
        }
    },
    "robots": {
        "0": {
            "pose": {
                "x": 0.7394732431350439,
                "y": 0.04196803718127051
            },
            "skillset": {
                "0": 1,
                "1": 0,
                "2": 0,
                "3": 0,
                "4": 0
            }
        },
        "1": {
            "pose": {
                "x": 0.7394732431350439,
                "y": 0.04196803718127051
            },
            "skillset": {
                "0": 1,
                "1": 0,
                "2": 0,
                "3": 0,
                "4": 0
            }
        },
        "2": {
            "pose": {
                "x": 0.7394732431350439,
                "y": 0.04196803718127051
            },
            "skillset": {
                "0": 1,
                "1": 0,
                "2": 0,