{
    "setup": {
        "robots": 15,
        "tasks": 20,
        "num_skills": 5,
        "robot_class": "WR",
        "task_class": "ST",
        "coverage": "SC"
    },
    "tasks": {
        "0": {
            "pos": {
                "x": 0.05275577875930226,
                "y": 0.6111207446313525
            },
            "skillset": {
                "0": 0,
                "1": 1,
                "2": 0,
                "3": 0,
                "4": 1
            },
            "duration": 2.239208593128674
        },
        "1": {
            "pos": {
                "x": 0.7375529974613103,
                "y": 0.41284840170154646
            },
            "skillset": {
                "0": 0,
                "1": 1,
                "2": 0,
                "3": 0,
                "4": 1
            },
            "duration": 3.7023519080112766
        },
        "2": {
            "pos": {
                "x": 0.13508355997656096,
                "y": 0.6224616663701094
            },
            "skillset": {
                "0": 0,
                "1": 1,
                "2": 1,
                "3": 0,
                "4": 1
            },
            "duration": 2.788877294983691
        },
        "3": {
            "pos": {
                "x": 0.7605503415380788,
                "y": 0.556194763286088
            },
            "skillset": {
                "0": 0,
                "1": 0,
                "2": 0,
                "3": 1,
                "4": 1
            },
            "duration": 4.017793095708305
        },
        "4": {
            "pos": {
                "x": 0.6057290455273627,
                "y": 0.7236016139336929
            },
            "skillset": {
                "0": 0,
                "1": 0,
                "2": 1,
                "3": 0,
                "4": 0
            },
            "duration": 2.7132698704169327
        },
        "5": {
            "pos": {
                "x": 0.22748739370133664,
                "y": 0.6633009074806847
            },
            "skillset": {
                "0": 1,
                "1": 0,
                "2": 1,
                "3": 0,
                "4": 0
            },
            "duration": 1.446802081656506
        },
        "6": {
            "pos": {
                "x": 0.5178082123453729,
                "y": 0.5689961020441334
            },
            "skillset": {
                "0": 0,
                "1": 0,
                "2": 0,
                "3": 1,
                "4": 1
            },
            "duration": 1.1779681256607537
        },
        "7": {
            "pos": {
                "x": 0.518274777547316,
                "y": 0.6960817479587972
            },
            "skillset": {
                "0": 0,
                "1": 1,
                "2": 1,
                "3": 1,
                "4": 0
            },
            "duration": 0.9888749123129359
        },
        "8": {
            "pos": {
                "x": 0.22423530986087836,
                "y": 0.932482645369588
            },
            "skillset": {
                "0": 1,
                "1": 1,
                "2": 1,
                "3": 1,
                "4": 1
            },
            "duration": 3.1687125695196134
        },
        "9": {
            "pos": {
                "x": 0.5048986472204354,
                "y": 0.7379197048213373
            },
            "skillset": {
                "0": 0,
                "1": 1,
                "2": 0,
                "3": 0,
                "4": 1
            },
            "duration": 0.23776758778774276
        },
        "10": {
            "pos": {
                "x": 0.8539766327412298,
                "y": 0.03221848555535545
            },
            "skillset": {
                "0": 0,
                "1": 1,
                "2": 0,
                "3": 0,
                "4": 1
            },
            "duration": 2.755655913945131
        },
        "11": {
            "pos": {
                "x": 0.9732504559426765,
                "y": 0.008172773145236012
            },
            "skillset": {
                "0": 1,
                "1": 0,
                "2": 1,
                "3": 0,
                "4": 0
            },
            "duration": 1.1020620358671385
        },
        "12": {
            "pos": {
                "x": 0.6517739115559557,
                "y": 0.2730775044104896
            },
            "skillset": {
                "0": 1,
                "1": 0,
                "2": 0,
                "3": 0,
                "4": 1
            },
            "duration": 2.278292654040234
        },
        "13": {
            "pos": {
                "x": 0.6692753432179548,
                "y": 0.9793956677149867
            },
            "skillset": {
                "0": 1,
                "1": 0,
                "2": 0,
                "3": 1,
                "4": 1
            },
            "duration": 3.349175599630993
        },
        "14": {
            "pos": {
                "x": 0.19297922671791,
                "y": 0.9978343423322397
            },
            "skillset": {
                "0": 1,
                "1": 0,
                "2": 1,
                "3": 0,
                "4": 0
            },
            "duration": 4.093218794758101
        },
        "15": {
            "pos": {
                "x": 0.7796558700889671,
                "y": 0.38127823411948014
            },
            "skillset": {
                "0": 0,
                "1": 0,
                "2": 0,
                "3": 0,
                "4": 1
            },
            "duration": 0.14495325546068916
        },
        "16": {
            "pos": {
                "x": 0.8557267980018247,
                "y": 0.21120714375666427
            },
            "skillset": {
                "0": 1,
                "1": 0,
                "2": 1,
                "3": 1,
                "4": 1
            },
            "duration": 2.9857865813988784
        },
        "17": {
            "pos": {
                "x": 0.5069114381950094,
                "y": 0.4591384461464617
            },
            "skillset": {
                "0": 0,
                "1": 1,
                "2": 1,
                "3": 0,
                "4": 0
            },
            "duration": 2.8754584845357996
        },
        "18": {
            "pos": {
                "x": 0.2371976053815239,
                "y": 0.9727952074560803
            },
            "skillset": {
                "0": 1,
                "1": 1,
                "2": 0,
                "3": 1,
                "4": 1
            },
            "duration": 1.7817020437808155
        },
        "19": {
            "pos": {
                "x": 0.7186332830357537,
                "y": 0.8888068623313392
            },
            "skillset": {
                "0": 1,
                "1": 0,
                "2": 1,
                "3": 0,
                "4": 0
            },
            "duration": 4.013873569279065
        }
    },
    "robots": {
        "0": {
            "pose": {
                "x": 0.14028278238871317,
                "y": 0.0561917141554773
            },
            "skillset": {
                "0": 1,
                "1": 0,
                "2": 0,
                "3": 0,
                "4": 0
            }
        },
        "1": {
            "pose": {
                "x": 0.14028278238871317,
                "y": 0.0561917141554773
            },
            "skillset": {
                "0": 1,
                "1": 0,
                "2": 0,
                "3": 0,
                "4": 0
            }
        },
        "2": {
            "pose": {
                "x": 0.14028278238871317,
                "y": 0.0561917141554773
            },
            "skillset": {
                "0": 1,
                "1": 0,
                "2": 0,