{
    "setup": {
        "robots": 15,
        "tasks": 20,
        "num_skills": 5,
        "robot_class": "WR",
        "task_class": "ST",
        "coverage": "SC"
    },
    "tasks": {
        "0": {
            "pos": {
                "x": 0.45900875395236296,
                "y": 0.45792828807028974
            },
            "skillset": {
                "0": 1,
                "1": 0,
                "2": 0,
                "3": 0,
                "4": 1
            },
            "duration": 1.1151797248320672
        },
        "1": {
            "pos": {
                "x": 0.1563162868676813,
                "y": 0.8695063148365992
            },
            "skillset": {
                "0": 1,
                "1": 1,
                "2": 1,
                "3": 0,
                "4": 1
            },
            "duration": 4.109268405979593
        },
        "2": {
            "pos": {
                "x": 0.32313973699719234,
                "y": 0.5883627401518196
            },
            "skillset": {
                "0": 0,
                "1": 0,
                "2": 1,
                "3": 0,
                "4": 0
            },
            "duration": 3.474800565092364
        },
        "3": {
            "pos": {
                "x": 0.011754184989404282,
                "y": 0.38004038301614873
            },
            "skillset": {
                "0": 0,
                "1": 1,
                "2": 0,
                "3": 0,
                "4": 0
            },
            "duration": 2.2035300556944106
        },
        "4": {
            "pos": {
                "x": 0.5601354376489224,
                "y": 0.8386083255346148
            },
            "skillset": {
                "0": 1,
                "1": 0,
                "2": 1,
                "3": 0,
                "4": 1
            },
            "duration": 1.7005801554099027
        },
        "5": {
            "pos": {
                "x": 0.8975731154132559,
                "y": 0.15607175691376207
            },
            "skillset": {
                "0": 1,
                "1": 1,
                "2": 1,
                "3": 0,
                "4": 1
            },
            "duration": 2.6705584898658286
        },
        "6": {
            "pos": {
                "x": 0.8285157876828053,
                "y": 0.2273007641888043
            },
            "skillset": {
                "0": 1,
                "1": 1,
                "2": 0,
                "3": 1,
                "4": 1
            },
            "duration": 1.6620647911360638
        },
        "7": {
            "pos": {
                "x": 0.33745462260752535,
                "y": 0.9749108718631893
            },
            "skillset": {
                "0": 0,
                "1": 1,
                "2": 0,
                "3": 0,
                "4": 0
            },
            "duration": 4.906412336889509
        },
        "8": {
            "pos": {
                "x": 0.2530063993858458,
                "y": 0.42631344496723755
            },
            "skillset": {
                "0": 1,
                "1": 0,
                "2": 1,
                "3": 1,
                "4": 1
            },
            "duration": 4.17582294924074
        },
        "9": {
            "pos": {
                "x": 0.5728214703916025,
                "y": 0.32832946608661506
            },
            "skillset": {
                "0": 1,
                "1": 1,
                "2": 0,
                "3": 1,
                "4": 0
            },
            "duration": 0.42649853433272045
        },
        "10": {
            "pos": {
                "x": 0.5494365438278899,
                "y": 0.09312549958069583
            },
            "skillset": {
                "0": 0,
                "1": 1,
                "2": 0,
                "3": 1,
                "4": 0
            },
            "duration": 3.601322262101514
        },
        "11": {
            "pos": {
                "x": 0.9026324164206462,
                "y": 0.8676321594524713
            },
            "skillset": {
                "0": 1,
                "1": 0,
                "2": 1,
                "3": 1,
                "4": 1
            },
            "duration": 2.1126552642060266
        },
        "12": {
            "pos": {
                "x": 0.31028761166486185,
                "y": 0.8223159863356457
            },
            "skillset": {
                "0": 1,
                "1": 1,
                "2": 0,
                "3": 1,
                "4": 1
            },
            "duration": 0.2295435488374048
        },
        "13": {
            "pos": {
                "x": 0.49204980324016945,
                "y": 0.016338113600771642
            },
            "skillset": {
                "0": 0,
                "1": 1,
                "2": 0,
                "3": 1,
                "4": 1
            },
            "duration": 4.9026962420274875
        },
        "14": {
            "pos": {
                "x": 0.3990071034630619,
                "y": 0.8030400961026696
            },
            "skillset": {
                "0": 1,
                "1": 0,
                "2": 0,
                "3": 0,
                "4": 0
            },
            "duration": 1.6077898135686315
        },
        "15": {
            "pos": {
                "x": 0.4587751284061813,
                "y": 0.9030207055507411
            },
            "skillset": {
                "0": 1,
                "1": 0,
                "2": 0,
                "3": 0,
                "4": 0
            },
            "duration": 1.6711882352312797
        },
        "16": {
            "pos": {
                "x": 0.7532713674578743,
                "y": 0.10966496948178861
            },
            "skillset": {
                "0": 1,
                "1": 0,
                "2": 0,
                "3": 1,
                "4": 0
            },
            "duration": 1.9890119223346636
        },
        "17": {
            "pos": {
                "x": 0.38283807818270565,
                "y": 0.2748600451041483
            },
            "skillset": {
                "0": 0,
                "1": 1,
                "2": 1,
                "3": 0,
                "4": 1
            },
            "duration": 3.8201965066536534
        },
        "18": {
            "pos": {
                "x": 0.2976524117644537,
                "y": 0.6134916941382547
            },
            "skillset": {
                "0": 0,
                "1": 0,
                "2": 1,
                "3": 0,
                "4": 1
            },
            "duration": 0.43332534635318665
        },
        "19": {
            "pos": {
                "x": 0.36685669712722413,
                "y": 0.07781197777457172
            },
            "skillset": {
                "0": 0,
                "1": 0,
                "2": 1,
                "3": 0,
                "4": 0
            },
            "duration": 1.1314609288740152
        }
    },
    "robots": {
        "0": {
            "pose": {
                "x": 0.3187111295829066,
                "y": 0.1736407275494256
            },
            "skillset": {
                "0": 1,
                "1": 0,
                "2": 0,
                "3": 0,
                "4": 0
            }
        },
        "1": {
            "pose": {
                "x": 0.3187111295829066,
                "y": 0.1736407275494256
            },
            "skillset": {
                "0": 1,
                "1": 0,
                "2": 0,
                "3": 0,
                "4": 0
            }
        },
        "2": {
            "pose": {
                "x": 0.3187111295829066,
                "y": 0.1736407275494256
            },
            "skillset": {
                "0": 1,
                "1": 0,
                "2": 0,