{
    "setup": {
        "robots": 15,
        "tasks": 20,
        "num_skills": 5,
        "robot_class": "WR",
        "task_class": "ST",
        "coverage": "SC"
    },
    "tasks": {
        "0": {
            "pos": {
                "x": 0.05712052520941746,
                "y": 0.12690605132547328
            },
            "skillset": {
                "0": 1,
                "1": 1,
                "2": 0,
                "3": 0,
                "4": 0
            },
            "duration": 1.4483243091950992
        },
        "1": {
            "pos": {
                "x": 0.4473001206701399,
                "y": 0.5393509157384959
            },
            "skillset": {
                "0": 0,
                "1": 1,
                "2": 0,
                "3": 1,
                "4": 0
            },
            "duration": 3.343645234771046
        },
        "2": {
            "pos": {
                "x": 0.4717243992998249,
                "y": 0.467868931957621
            },
            "skillset": {
                "0": 0,
                "1": 1,
                "2": 0,
                "3": 1,
                "4": 0
            },
            "duration": 3.9751476363662053
        },
        "3": {
            "pos": {
                "x": 0.17904195994102357,
                "y": 0.22464719706431102
            },
            "skillset": {
                "0": 0,
                "1": 0,
                "2": 0,
                "3": 1,
                "4": 0
            },
            "duration": 3.940203957637794
        },
        "4": {
            "pos": {
                "x": 0.5860228661522143,
                "y": 0.5075975323785862
            },
            "skillset": {
                "0": 0,
                "1": 1,
                "2": 0,
                "3": 1,
                "4": 1
            },
            "duration": 0.5281949446556922
        },
        "5": {
            "pos": {
                "x": 0.6931686441764788,
                "y": 0.32392259822140057
            },
            "skillset": {
                "0": 1,
                "1": 1,
                "2": 0,
                "3": 1,
                "4": 1
            },
            "duration": 2.72535871994764
        },
        "6": {
            "pos": {
                "x": 0.1887111110912031,
                "y": 0.7150027090660825
            },
            "skillset": {
                "0": 1,
                "1": 0,
                "2": 0,
                "3": 0,
                "4": 1
            },
            "duration": 0.617653834667542
        },
        "7": {
            "pos": {
                "x": 0.15520994772349672,
                "y": 0.7531851395272946
            },
            "skillset": {
                "0": 0,
                "1": 0,
                "2": 0,
                "3": 1,
                "4": 1
            },
            "duration": 1.0863096653977085
        },
        "8": {
            "pos": {
                "x": 0.6443091259025506,
                "y": 0.7718656168599736
            },
            "skillset": {
                "0": 1,
                "1": 0,
                "2": 1,
                "3": 0,
                "4": 0
            },
            "duration": 2.3666337953792214
        },
        "9": {
            "pos": {
                "x": 0.7736084148318307,
                "y": 0.406111395004343
            },
            "skillset": {
                "0": 1,
                "1": 1,
                "2": 1,
                "3": 1,
                "4": 1
            },
            "duration": 4.974756302261943
        },
        "10": {
            "pos": {
                "x": 0.258103864802519,
                "y": 0.4163682538541923
            },
            "skillset": {
                "0": 0,
                "1": 0,
                "2": 0,
                "3": 0,
                "4": 1
            },
            "duration": 1.7681002074171215
        },
        "11": {
            "pos": {
                "x": 0.13750695293718174,
                "y": 0.09401979227036794
            },
            "skillset": {
                "0": 1,
                "1": 0,
                "2": 0,
                "3": 1,
                "4": 1
            },
            "duration": 3.4634671204885437
        },
        "12": {
            "pos": {
                "x": 0.5727741461594836,
                "y": 0.1587914466949456
            },
            "skillset": {
                "0": 1,
                "1": 0,
                "2": 0,
                "3": 1,
                "4": 0
            },
            "duration": 4.741056752326837
        },
        "13": {
            "pos": {
                "x": 0.1763286527322987,
                "y": 0.21726099872068316
            },
            "skillset": {
                "0": 0,
                "1": 0,
                "2": 1,
                "3": 1,
                "4": 0
            },
            "duration": 1.0660089456194
        },
        "14": {
            "pos": {
                "x": 0.36285275434770436,
                "y": 0.9783970965820566
            },
            "skillset": {
                "0": 0,
                "1": 1,
                "2": 0,
                "3": 1,
                "4": 1
            },
            "duration": 0.33833739767273663
        },
        "15": {
            "pos": {
                "x": 0.6765731363880196,
                "y": 0.23592266220242897
            },
            "skillset": {
                "0": 1,
                "1": 1,
                "2": 0,
                "3": 1,
                "4": 1
            },
            "duration": 3.6469286274893324
        },
        "16": {
            "pos": {
                "x": 0.01638825919620923,
                "y": 0.7381366369000023
            },
            "skillset": {
                "0": 1,
                "1": 0,
                "2": 0,
                "3": 0,
                "4": 1
            },
            "duration": 2.981716628025856
        },
        "17": {
            "pos": {
                "x": 0.07806608148756888,
                "y": 0.9625454337256768
            },
            "skillset": {
                "0": 1,
                "1": 1,
                "2": 1,
                "3": 0,
                "4": 0
            },
            "duration": 0.5615912913290727
        },
        "18": {
            "pos": {
                "x": 0.7185437505618586,
                "y": 0.23594981528651549
            },
            "skillset": {
                "0": 0,
                "1": 0,
                "2": 0,
                "3": 1,
                "4": 1
            },
            "duration": 1.546703520664721
        },
        "19": {
            "pos": {
                "x": 0.03055914790296821,
                "y": 0.7599858726713465
            },
            "skillset": {
                "0": 0,
                "1": 0,
                "2": 1,
                "3": 0,
                "4": 0
            },
            "duration": 0.8473824080984421
        }
    },
    "robots": {
        "0": {
            "pose": {
                "x": 0.7410751300505726,
                "y": 0.6773250668865874
            },
            "skillset": {
                "0": 1,
                "1": 0,
                "2": 0,
                "3": 0,
                "4": 0
            }
        },
        "1": {
            "pose": {
                "x": 0.7410751300505726,
                "y": 0.6773250668865874
            },
            "skillset": {
                "0": 1,
                "1": 0,
                "2": 0,
                "3": 0,
                "4": 0
            }
        },
        "2": {
            "pose": {
                "x": 0.7410751300505726,
                "y": 0.6773250668865874
            },
            "skillset": {
                "0": 1,
                "1": 0,
                "2": 0,