{
    "setup": {
        "robots": 15,
        "tasks": 20,
        "num_skills": 5,
        "robot_class": "WR",
        "task_class": "ST",
        "coverage": "SC"
    },
    "tasks": {
        "0": {
            "pos": {
                "x": 0.8934891643106165,
                "y": 0.2031909126809499
            },
            "skillset": {
                "0": 0,
                "1": 1,
                "2": 1,
                "3": 0,
                "4": 0
            },
            "duration": 3.1687658818795446
        },
        "1": {
            "pos": {
                "x": 0.8029993573408467,
                "y": 0.671471589617775
            },
            "skillset": {
                "0": 1,
                "1": 0,
                "2": 1,
                "3": 0,
                "4": 1
            },
            "duration": 0.5892898794612766
        },
        "2": {
            "pos": {
                "x": 0.1515926346624431,
                "y": 0.053563016320574364
            },
            "skillset": {
                "0": 0,
                "1": 1,
                "2": 0,
                "3": 1,
                "4": 0
            },
            "duration": 2.6283151904401647
        },
        "3": {
            "pos": {
                "x": 0.929429583911057,
                "y": 0.004892976338525146
            },
            "skillset": {
                "0": 1,
                "1": 1,
                "2": 0,
                "3": 1,
                "4": 1
            },
            "duration": 1.9839965660577985
        },
        "4": {
            "pos": {
                "x": 0.14765862303663024,
                "y": 0.9744904292693193
            },
            "skillset": {
                "0": 1,
                "1": 1,
                "2": 1,
                "3": 0,
                "4": 0
            },
            "duration": 0.9685054848289137
        },
        "5": {
            "pos": {
                "x": 0.6969802274993602,
                "y": 0.5641765789829313
            },
            "skillset": {
                "0": 1,
                "1": 1,
                "2": 1,
                "3": 1,
                "4": 0
            },
            "duration": 2.0648364906937484
        },
        "6": {
            "pos": {
                "x": 0.45365380447205494,
                "y": 0.5722572536614859
            },
            "skillset": {
                "0": 1,
                "1": 1,
                "2": 0,
                "3": 0,
                "4": 1
            },
            "duration": 2.833266143449462
        },
        "7": {
            "pos": {
                "x": 0.46275373250353824,
                "y": 0.06608400806557335
            },
            "skillset": {
                "0": 1,
                "1": 1,
                "2": 1,
                "3": 1,
                "4": 0
            },
            "duration": 0.4962381709454883
        },
        "8": {
            "pos": {
                "x": 0.23045599122270166,
                "y": 0.3139259032252002
            },
            "skillset": {
                "0": 1,
                "1": 0,
                "2": 0,
                "3": 1,
                "4": 1
            },
            "duration": 4.773528282476873
        },
        "9": {
            "pos": {
                "x": 0.49619462300056394,
                "y": 0.3934945443576805
            },
            "skillset": {
                "0": 1,
                "1": 0,
                "2": 0,
                "3": 0,
                "4": 1
            },
            "duration": 2.4812289467220037
        },
        "10": {
            "pos": {
                "x": 0.7216498989723805,
                "y": 0.8032961565137803
            },
            "skillset": {
                "0": 1,
                "1": 0,
                "2": 0,
                "3": 0,
                "4": 0
            },
            "duration": 0.38600215892841516
        },
        "11": {
            "pos": {
                "x": 0.7684827016122366,
                "y": 0.4608800993114138
            },
            "skillset": {
                "0": 1,
                "1": 0,
                "2": 0,
                "3": 0,
                "4": 0
            },
            "duration": 3.4275560389487802
        },
        "12": {
            "pos": {
                "x": 0.3924227033791393,
                "y": 0.023200264712508578
            },
            "skillset": {
                "0": 1,
                "1": 1,
                "2": 0,
                "3": 1,
                "4": 1
            },
            "duration": 4.740072492790931
        },
        "13": {
            "pos": {
                "x": 0.3534809794113163,
                "y": 0.7870573637125622
            },
            "skillset": {
                "0": 1,
                "1": 1,
                "2": 1,
                "3": 1,
                "4": 1
            },
            "duration": 0.0814357232354862
        },
        "14": {
            "pos": {
                "x": 0.34942294758739245,
                "y": 0.2858411055756892
            },
            "skillset": {
                "0": 0,
                "1": 0,
                "2": 1,
                "3": 1,
                "4": 1
            },
            "duration": 3.40895497608251
        },
        "15": {
            "pos": {
                "x": 0.16296713151606712,
                "y": 0.6331373954105736
            },
            "skillset": {
                "0": 0,
                "1": 0,
                "2": 1,
                "3": 0,
                "4": 1
            },
            "duration": 4.193609444476745
        },
        "16": {
            "pos": {
                "x": 0.5007398668876059,
                "y": 0.04607533994062607
            },
            "skillset": {
                "0": 0,
                "1": 0,
                "2": 1,
                "3": 0,
                "4": 1
            },
            "duration": 2.227942688036777
        },
        "17": {
            "pos": {
                "x": 0.24182023376971173,
                "y": 0.07669703905237013
            },
            "skillset": {
                "0": 0,
                "1": 0,
                "2": 1,
                "3": 0,
                "4": 1
            },
            "duration": 0.37945492147679727
        },
        "18": {
            "pos": {
                "x": 0.15351585053749306,
                "y": 0.25759656840476686
            },
            "skillset": {
                "0": 1,
                "1": 0,
                "2": 0,
                "3": 1,
                "4": 1
            },
            "duration": 3.787423257086535
        },
        "19": {
            "pos": {
                "x": 0.07519538593725406,
                "y": 0.9891597627126344
            },
            "skillset": {
                "0": 1,
                "1": 1,
                "2": 1,
                "3": 0,
                "4": 1
            },
            "duration": 1.6655218352441232
        }
    },
    "robots": {
        "0": {
            "pose": {
                "x": 0.8449636959941323,
                "y": 0.4299854645718363
            },
            "skillset": {
                "0": 1,
                "1": 0,
                "2": 0,
                "3": 0,
                "4": 0
            }
        },
        "1": {
            "pose": {
                "x": 0.8449636959941323,
                "y": 0.4299854645718363
            },
            "skillset": {
                "0": 1,
                "1": 0,
                "2": 0,
                "3": 0,
                "4": 0
            }
        },
        "2": {
            "pose": {
                "x": 0.8449636959941323,
                "y": 0.4299854645718363
            },
            "skillset": {
                "0": 1,
                "1": 0,
                "2": 0,