{
    "setup": {
        "robots": 15,
        "tasks": 20,
        "num_skills": 5,
        "robot_class": "WR",
        "task_class": "ST",
        "coverage": "SC"
    },
    "tasks": {
        "0": {
            "pos": {
                "x": 0.23956396182952333,
                "y": 0.40249829810398163
            },
            "skillset": {
                "0": 1,
                "1": 1,
                "2": 1,
                "3": 1,
                "4": 1
            },
            "duration": 1.7210533349801311
        },
        "1": {
            "pos": {
                "x": 0.09670409393174562,
                "y": 0.9678280510488214
            },
            "skillset": {
                "0": 1,
                "1": 1,
                "2": 0,
                "3": 0,
                "4": 0
            },
            "duration": 2.9514549114485735
        },
        "2": {
            "pos": {
                "x": 0.21500403735588003,
                "y": 0.6717651626112849
            },
            "skillset": {
                "0": 0,
                "1": 1,
                "2": 1,
                "3": 0,
                "4": 0
            },
            "duration": 3.4184218666977184
        },
        "3": {
            "pos": {
                "x": 0.3004200814790703,
                "y": 0.8740770261495044
            },
            "skillset": {
                "0": 1,
                "1": 0,
                "2": 1,
                "3": 0,
                "4": 0
            },
            "duration": 1.7770688851175604
        },
        "4": {
            "pos": {
                "x": 0.6622147383384538,
                "y": 0.13161581580830573
            },
            "skillset": {
                "0": 1,
                "1": 0,
                "2": 0,
                "3": 0,
                "4": 1
            },
            "duration": 2.5954924324799507
        },
        "5": {
            "pos": {
                "x": 0.8450743208745529,
                "y": 0.9449481711449795
            },
            "skillset": {
                "0": 0,
                "1": 1,
                "2": 0,
                "3": 0,
                "4": 1
            },
            "duration": 3.826236916392613
        },
        "6": {
            "pos": {
                "x": 0.9039167881959268,
                "y": 0.5697191478592772
            },
            "skillset": {
                "0": 1,
                "1": 1,
                "2": 1,
                "3": 1,
                "4": 1
            },
            "duration": 4.545896569952751
        },
        "7": {
            "pos": {
                "x": 0.1454599537609269,
                "y": 0.19246349496833237
            },
            "skillset": {
                "0": 1,
                "1": 1,
                "2": 1,
                "3": 0,
                "4": 1
            },
            "duration": 0.7553113903840775
        },
        "8": {
            "pos": {
                "x": 0.9279056847445244,
                "y": 0.5523264876672638
            },
            "skillset": {
                "0": 0,
                "1": 0,
                "2": 1,
                "3": 0,
                "4": 1
            },
            "duration": 4.667096961537142
        },
        "9": {
            "pos": {
                "x": 0.18055249844891164,
                "y": 0.8840568941964699
            },
            "skillset": {
                "0": 1,
                "1": 0,
                "2": 0,
                "3": 0,
                "4": 0
            },
            "duration": 0.025894329077160716
        },
        "10": {
            "pos": {
                "x": 0.6415717052224807,
                "y": 0.5696942744738079
            },
            "skillset": {
                "0": 0,
                "1": 1,
                "2": 1,
                "3": 0,
                "4": 1
            },
            "duration": 3.76488751798877
        },
        "11": {
            "pos": {
                "x": 0.3762878361299201,
                "y": 0.41095528215712984
            },
            "skillset": {
                "0": 1,
                "1": 1,
                "2": 1,
                "3": 0,
                "4": 1
            },
            "duration": 4.052634151586226
        },
        "12": {
            "pos": {
                "x": 0.23948921268184487,
                "y": 0.03805728669123909
            },
            "skillset": {
                "0": 0,
                "1": 0,
                "2": 0,
                "3": 0,
                "4": 1
            },
            "duration": 0.6838202577129077
        },
        "13": {
            "pos": {
                "x": 0.876218808109271,
                "y": 0.4677302168140961
            },
            "skillset": {
                "0": 0,
                "1": 0,
                "2": 0,
                "3": 1,
                "4": 1
            },
            "duration": 2.0945182545659256
        },
        "14": {
            "pos": {
                "x": 0.5476351992137353,
                "y": 0.3221633097802251
            },
            "skillset": {
                "0": 1,
                "1": 0,
                "2": 1,
                "3": 0,
                "4": 0
            },
            "duration": 4.076281389975228
        },
        "15": {
            "pos": {
                "x": 0.7513249198549279,
                "y": 0.025196870801760363
            },
            "skillset": {
                "0": 0,
                "1": 1,
                "2": 1,
                "3": 1,
                "4": 0
            },
            "duration": 0.07135594842305304
        },
        "16": {
            "pos": {
                "x": 0.37218527256520395,
                "y": 0.03035029438411163
            },
            "skillset": {
                "0": 1,
                "1": 0,
                "2": 1,
                "3": 1,
                "4": 0
            },
            "duration": 3.142309739331454
        },
        "17": {
            "pos": {
                "x": 0.12289210220500935,
                "y": 0.9671482353973677
            },
            "skillset": {
                "0": 1,
                "1": 1,
                "2": 1,
                "3": 1,
                "4": 1
            },
            "duration": 3.9651182904901705
        },
        "18": {
            "pos": {
                "x": 0.6577607300385144,
                "y": 0.4282202463894813
            },
            "skillset": {
                "0": 0,
                "1": 1,
                "2": 0,
                "3": 0,
                "4": 0
            },
            "duration": 2.5650179141110425
        },
        "19": {
            "pos": {
                "x": 0.5237401079104803,
                "y": 0.8728092085647744
            },
            "skillset": {
                "0": 1,
                "1": 1,
                "2": 1,
                "3": 1,
                "4": 1
            },
            "duration": 3.6292471027554356
        }
    },
    "robots": {
        "0": {
            "pose": {
                "x": 0.3612640590141576,
                "y": 0.5981840672072131
            },
            "skillset": {
                "0": 1,
                "1": 0,
                "2": 0,
                "3": 0,
                "4": 0
            }
        },
        "1": {
            "pose": {
                "x": 0.3612640590141576,
                "y": 0.5981840672072131
            },
            "skillset": {
                "0": 1,
                "1": 0,
                "2": 0,
                "3": 0,
                "4": 0
            }
        },
        "2": {
            "pose": {
                "x": 0.3612640590141576,
                "y": 0.5981840672072131
            },
            "skillset": {
                "0": 1,
                "1": 0,
                "2": 0,