{
    "setup": {
        "robots": 15,
        "tasks": 20,
        "num_skills": 5,
        "robot_class": "WR",
        "task_class": "ST",
        "coverage": "SC"
    },
    "tasks": {
        "0": {
            "pos": {
                "x": 0.14233002671339723,
                "y": 0.9765025512054544
            },
            "skillset": {
                "0": 1,
                "1": 0,
                "2": 1,
                "3": 1,
                "4": 0
            },
            "duration": 4.184443955889455
        },
        "1": {
            "pos": {
                "x": 0.06983252748274904,
                "y": 0.28546456947443766
            },
            "skillset": {
                "0": 1,
                "1": 1,
                "2": 0,
                "3": 1,
                "4": 0
            },
            "duration": 3.709642318883191
        },
        "2": {
            "pos": {
                "x": 0.7606802861251313,
                "y": 0.16745685349100414
            },
            "skillset": {
                "0": 1,
                "1": 0,
                "2": 0,
                "3": 0,
                "4": 0
            },
            "duration": 2.734538392736607
        },
        "3": {
            "pos": {
                "x": 0.163616308015604,
                "y": 0.24538475645362723
            },
            "skillset": {
                "0": 0,
                "1": 1,
                "2": 0,
                "3": 0,
                "4": 0
            },
            "duration": 3.2711051678884457
        },
        "4": {
            "pos": {
                "x": 0.10235907896796104,
                "y": 0.560824260806022
            },
            "skillset": {
                "0": 0,
                "1": 1,
                "2": 0,
                "3": 1,
                "4": 1
            },
            "duration": 3.8283403044345565
        },
        "5": {
            "pos": {
                "x": 0.49043877226668375,
                "y": 0.6665947798919957
            },
            "skillset": {
                "0": 1,
                "1": 0,
                "2": 1,
                "3": 1,
                "4": 1
            },
            "duration": 2.6993129055722735
        },
        "6": {
            "pos": {
                "x": 0.9442517892739868,
                "y": 0.609770333360748
            },
            "skillset": {
                "0": 0,
                "1": 0,
                "2": 0,
                "3": 1,
                "4": 1
            },
            "duration": 3.5377073171339997
        },
        "7": {
            "pos": {
                "x": 0.5775218428996172,
                "y": 0.734733234516338
            },
            "skillset": {
                "0": 0,
                "1": 0,
                "2": 0,
                "3": 0,
                "4": 1
            },
            "duration": 0.9709104812331032
        },
        "8": {
            "pos": {
                "x": 0.3059024882503715,
                "y": 0.3453820513019844
            },
            "skillset": {
                "0": 0,
                "1": 1,
                "2": 0,
                "3": 0,
                "4": 1
            },
            "duration": 2.800921618830233
        },
        "9": {
            "pos": {
                "x": 0.7201495594493302,
                "y": 0.362676300104942
            },
            "skillset": {
                "0": 0,
                "1": 0,
                "2": 0,
                "3": 1,
                "4": 1
            },
            "duration": 3.5322435218243813
        },
        "10": {
            "pos": {
                "x": 0.38640867211521135,
                "y": 0.37184111368144734
            },
            "skillset": {
                "0": 1,
                "1": 1,
                "2": 0,
                "3": 1,
                "4": 0
            },
            "duration": 0.8139383837013653
        },
        "11": {
            "pos": {
                "x": 0.5296788216575261,
                "y": 0.32093617537885666
            },
            "skillset": {
                "0": 1,
                "1": 1,
                "2": 0,
                "3": 0,
                "4": 0
            },
            "duration": 1.4458894134619542
        },
        "12": {
            "pos": {
                "x": 0.9437222553862052,
                "y": 0.5338915126727544
            },
            "skillset": {
                "0": 1,
                "1": 0,
                "2": 0,
                "3": 1,
                "4": 1
            },
            "duration": 0.17723175767490662
        },
        "13": {
            "pos": {
                "x": 0.48386139259082106,
                "y": 0.13761087201917843
            },
            "skillset": {
                "0": 1,
                "1": 1,
                "2": 0,
                "3": 0,
                "4": 1
            },
            "duration": 4.153305908417624
        },
        "14": {
            "pos": {
                "x": 0.6148103070490607,
                "y": 0.4764449722403463
            },
            "skillset": {
                "0": 0,
                "1": 1,
                "2": 1,
                "3": 0,
                "4": 0
            },
            "duration": 1.1772486219679585
        },
        "15": {
            "pos": {
                "x": 0.8210172289587122,
                "y": 0.20347570165449236
            },
            "skillset": {
                "0": 0,
                "1": 0,
                "2": 0,
                "3": 1,
                "4": 1
            },
            "duration": 2.304990090482412
        },
        "16": {
            "pos": {
                "x": 0.15079226128248302,
                "y": 0.02102076799790753
            },
            "skillset": {
                "0": 1,
                "1": 0,
                "2": 0,
                "3": 1,
                "4": 0
            },
            "duration": 3.6530987731440794
        },
        "17": {
            "pos": {
                "x": 0.9939208889122488,
                "y": 0.8373075013635163
            },
            "skillset": {
                "0": 0,
                "1": 0,
                "2": 1,
                "3": 1,
                "4": 1
            },
            "duration": 0.32380747540733945
        },
        "18": {
            "pos": {
                "x": 0.8751148547632814,
                "y": 0.22071545791623592
            },
            "skillset": {
                "0": 1,
                "1": 1,
                "2": 1,
                "3": 1,
                "4": 1
            },
            "duration": 0.40664844542249223
        },
        "19": {
            "pos": {
                "x": 0.0704872517950883,
                "y": 0.9654634888849335
            },
            "skillset": {
                "0": 1,
                "1": 0,
                "2": 0,
                "3": 1,
                "4": 0
            },
            "duration": 3.3806993121253863
        }
    },
    "robots": {
        "0": {
            "pose": {
                "x": 0.044181744992366934,
                "y": 0.5072438336704328
            },
            "skillset": {
                "0": 1,
                "1": 0,
                "2": 0,
                "3": 0,
                "4": 0
            }
        },
        "1": {
            "pose": {
                "x": 0.044181744992366934,
                "y": 0.5072438336704328
            },
            "skillset": {
                "0": 1,
                "1": 0,
                "2": 0,
                "3": 0,
                "4": 0
            }
        },
        "2": {
            "pose": {
                "x": 0.044181744992366934,
                "y": 0.5072438336704328
            },
            "skillset": {
                "0": 1,
                "1": 0,
                "2": 0,