{
    "setup": {
        "robots": 15,
        "tasks": 20,
        "num_skills": 5,
        "robot_class": "WR",
        "task_class": "ST",
        "coverage": "SC"
    },
    "tasks": {
        "0": {
            "pos": {
                "x": 0.592221568410907,
                "y": 0.21082864517388444
            },
            "skillset": {
                "0": 0,
                "1": 1,
                "2": 1,
                "3": 0,
                "4": 1
            },
            "duration": 3.859104576670531
        },
        "1": {
            "pos": {
                "x": 0.4496591089532236,
                "y": 0.987538390936349
            },
            "skillset": {
                "0": 0,
                "1": 1,
                "2": 0,
                "3": 0,
                "4": 1
            },
            "duration": 1.42656416735782
        },
        "2": {
            "pos": {
                "x": 0.90923042622773,
                "y": 0.7674444127235306
            },
            "skillset": {
                "0": 0,
                "1": 1,
                "2": 0,
                "3": 1,
                "4": 1
            },
            "duration": 3.466480471865749
        },
        "3": {
            "pos": {
                "x": 0.533681665063713,
                "y": 0.8688657706353536
            },
            "skillset": {
                "0": 0,
                "1": 1,
                "2": 1,
                "3": 0,
                "4": 0
            },
            "duration": 2.304520461033581
        },
        "4": {
            "pos": {
                "x": 0.6308824662334276,
                "y": 0.397569266122635
            },
            "skillset": {
                "0": 1,
                "1": 0,
                "2": 1,
                "3": 1,
                "4": 1
            },
            "duration": 0.6248651637018443
        },
        "5": {
            "pos": {
                "x": 0.5263196631058289,
                "y": 0.19858352003135138
            },
            "skillset": {
                "0": 0,
                "1": 1,
                "2": 1,
                "3": 1,
                "4": 1
            },
            "duration": 2.936227241732672
        },
        "6": {
            "pos": {
                "x": 0.5728201413141326,
                "y": 0.31362452768481364
            },
            "skillset": {
                "0": 1,
                "1": 1,
                "2": 0,
                "3": 0,
                "4": 0
            },
            "duration": 4.8358772348713055
        },
        "7": {
            "pos": {
                "x": 0.7813993248141204,
                "y": 0.8275204226482884
            },
            "skillset": {
                "0": 0,
                "1": 1,
                "2": 1,
                "3": 1,
                "4": 0
            },
            "duration": 0.9243525209313713
        },
        "8": {
            "pos": {
                "x": 0.9937963090206281,
                "y": 0.8349731185984121
            },
            "skillset": {
                "0": 1,
                "1": 1,
                "2": 1,
                "3": 0,
                "4": 1
            },
            "duration": 4.812872766011795
        },
        "9": {
            "pos": {
                "x": 0.059263360969220025,
                "y": 0.7243256772803937
            },
            "skillset": {
                "0": 0,
                "1": 1,
                "2": 0,
                "3": 1,
                "4": 1
            },
            "duration": 0.5903519998043766
        },
        "10": {
            "pos": {
                "x": 0.8081795029301824,
                "y": 0.8722422209823516
            },
            "skillset": {
                "0": 0,
                "1": 1,
                "2": 0,
                "3": 0,
                "4": 0
            },
            "duration": 2.882137710858528
        },
        "11": {
            "pos": {
                "x": 0.49167216175602046,
                "y": 0.47591161024500894
            },
            "skillset": {
                "0": 1,
                "1": 0,
                "2": 0,
                "3": 1,
                "4": 0
            },
            "duration": 0.8678865062787267
        },
        "12": {
            "pos": {
                "x": 0.5308136136065099,
                "y": 0.1549332778365866
            },
            "skillset": {
                "0": 0,
                "1": 1,
                "2": 0,
                "3": 0,
                "4": 0
            },
            "duration": 4.979860801137168
        },
        "13": {
            "pos": {
                "x": 0.9569553704532238,
                "y": 0.9870042725069108
            },
            "skillset": {
                "0": 0,
                "1": 1,
                "2": 1,
                "3": 0,
                "4": 0
            },
            "duration": 2.7489464007131477
        },
        "14": {
            "pos": {
                "x": 0.2629831049196656,
                "y": 0.9573361406998806
            },
            "skillset": {
                "0": 1,
                "1": 1,
                "2": 1,
                "3": 1,
                "4": 0
            },
            "duration": 4.35860967276305
        },
        "15": {
            "pos": {
                "x": 0.20821810246915906,
                "y": 0.08474372520422124
            },
            "skillset": {
                "0": 0,
                "1": 1,
                "2": 1,
                "3": 0,
                "4": 0
            },
            "duration": 3.537517709695307
        },
        "16": {
            "pos": {
                "x": 0.7322297512560869,
                "y": 0.8164061459176929
            },
            "skillset": {
                "0": 1,
                "1": 0,
                "2": 0,
                "3": 1,
                "4": 0
            },
            "duration": 2.242810335543685
        },
        "17": {
            "pos": {
                "x": 0.19972853619479902,
                "y": 0.9537573481647486
            },
            "skillset": {
                "0": 0,
                "1": 1,
                "2": 1,
                "3": 1,
                "4": 1
            },
            "duration": 1.2980619163657297
        },
        "18": {
            "pos": {
                "x": 0.39973267183823813,
                "y": 0.18586809670713722
            },
            "skillset": {
                "0": 1,
                "1": 1,
                "2": 0,
                "3": 0,
                "4": 1
            },
            "duration": 4.36052241178741
        },
        "19": {
            "pos": {
                "x": 0.30057446700819146,
                "y": 0.11281110362578084
            },
            "skillset": {
                "0": 0,
                "1": 1,
                "2": 1,
                "3": 0,
                "4": 0
            },
            "duration": 4.426372102771769
        }
    },
    "robots": {
        "0": {
            "pose": {
                "x": 0.005313158627628822,
                "y": 0.6926196210294705
            },
            "skillset": {
                "0": 1,
                "1": 0,
                "2": 0,
                "3": 0,
                "4": 0
            }
        },
        "1": {
            "pose": {
                "x": 0.005313158627628822,
                "y": 0.6926196210294705
            },
            "skillset": {
                "0": 1,
                "1": 0,
                "2": 0,
                "3": 0,
                "4": 0
            }
        },
        "2": {
            "pose": {
                "x": 0.005313158627628822,
                "y": 0.6926196210294705
            },
            "skillset": {
                "0": 1,
                "1": 0,
                "2": 0,
                "3": 0,