{
    "setup": {
        "robots": 15,
        "tasks": 20,
        "num_skills": 5,
        "robot_class": "WR",
        "task_class": "ST",
        "coverage": "SC"
    },
    "tasks": {
        "0": {
            "pos": {
                "x": 0.19565282994532096,
                "y": 0.061920235148452574
            },
            "skillset": {
                "0": 0,
                "1": 0,
                "2": 1,
                "3": 0,
                "4": 1
            },
            "duration": 0.17704102040796865
        },
        "1": {
            "pos": {
                "x": 0.5983921073240381,
                "y": 0.8957577517412816
            },
            "skillset": {
                "0": 1,
                "1": 1,
                "2": 0,
                "3": 0,
                "4": 0
            },
            "duration": 1.7970603821688835
        },
        "2": {
            "pos": {
                "x": 0.026943411384702798,
                "y": 0.8051359898916692
            },
            "skillset": {
                "0": 0,
                "1": 1,
                "2": 1,
                "3": 0,
                "4": 1
            },
            "duration": 0.8152841621076445
        },
        "3": {
            "pos": {
                "x": 0.19017001672834077,
                "y": 0.09290142163654713
            },
            "skillset": {
                "0": 0,
                "1": 1,
                "2": 1,
                "3": 1,
                "4": 1
            },
            "duration": 4.994012438162009
        },
        "4": {
            "pos": {
                "x": 0.017962035652556163,
                "y": 0.292975067012086
            },
            "skillset": {
                "0": 1,
                "1": 0,
                "2": 0,
                "3": 1,
                "4": 0
            },
            "duration": 0.7200767881501868
        },
        "5": {
            "pos": {
                "x": 0.7271117439819181,
                "y": 0.49317895100811693
            },
            "skillset": {
                "0": 1,
                "1": 1,
                "2": 0,
                "3": 1,
                "4": 0
            },
            "duration": 1.2215722142324148
        },
        "6": {
            "pos": {
                "x": 0.8529199944545277,
                "y": 0.21721130352149032
            },
            "skillset": {
                "0": 0,
                "1": 1,
                "2": 0,
                "3": 1,
                "4": 0
            },
            "duration": 1.7860985638976352
        },
        "7": {
            "pos": {
                "x": 0.31518274714343164,
                "y": 0.25814085185458835
            },
            "skillset": {
                "0": 1,
                "1": 1,
                "2": 1,
                "3": 1,
                "4": 1
            },
            "duration": 0.3044335145459398
        },
        "8": {
            "pos": {
                "x": 0.978301137314217,
                "y": 0.9410059946514349
            },
            "skillset": {
                "0": 1,
                "1": 1,
                "2": 0,
                "3": 0,
                "4": 0
            },
            "duration": 4.351924585216668
        },
        "9": {
            "pos": {
                "x": 0.34068617585650907,
                "y": 0.43600150359233103
            },
            "skillset": {
                "0": 1,
                "1": 1,
                "2": 0,
                "3": 1,
                "4": 0
            },
            "duration": 3.1818071093156215
        },
        "10": {
            "pos": {
                "x": 0.3143196287038529,
                "y": 0.7465089173054106
            },
            "skillset": {
                "0": 1,
                "1": 1,
                "2": 1,
                "3": 0,
                "4": 1
            },
            "duration": 0.7987411997920996
        },
        "11": {
            "pos": {
                "x": 0.04001310255319024,
                "y": 0.06743893309202609
            },
            "skillset": {
                "0": 1,
                "1": 1,
                "2": 1,
                "3": 1,
                "4": 0
            },
            "duration": 2.491342788562751
        },
        "12": {
            "pos": {
                "x": 0.40403758746840623,
                "y": 0.24509405111406402
            },
            "skillset": {
                "0": 1,
                "1": 0,
                "2": 1,
                "3": 0,
                "4": 0
            },
            "duration": 0.3933487931747881
        },
        "13": {
            "pos": {
                "x": 0.8452249817012268,
                "y": 0.7418070964752901
            },
            "skillset": {
                "0": 0,
                "1": 1,
                "2": 1,
                "3": 0,
                "4": 0
            },
            "duration": 3.0548989367994785
        },
        "14": {
            "pos": {
                "x": 0.5457939825229567,
                "y": 0.6614755143135006
            },
            "skillset": {
                "0": 0,
                "1": 0,
                "2": 1,
                "3": 1,
                "4": 0
            },
            "duration": 1.1583161404872881
        },
        "15": {
            "pos": {
                "x": 0.6922791066849239,
                "y": 0.7810548233983421
            },
            "skillset": {
                "0": 0,
                "1": 1,
                "2": 1,
                "3": 1,
                "4": 0
            },
            "duration": 0.1931946643237925
        },
        "16": {
            "pos": {
                "x": 0.9275025971156827,
                "y": 0.14973517378773293
            },
            "skillset": {
                "0": 1,
                "1": 0,
                "2": 0,
                "3": 0,
                "4": 0
            },
            "duration": 0.5761875184695125
        },
        "17": {
            "pos": {
                "x": 0.6261301577453815,
                "y": 0.14362144311335512
            },
            "skillset": {
                "0": 0,
                "1": 1,
                "2": 0,
                "3": 0,
                "4": 1
            },
            "duration": 2.7763131131011054
        },
        "18": {
            "pos": {
                "x": 0.4431309412846969,
                "y": 0.786284788623732
            },
            "skillset": {
                "0": 1,
                "1": 1,
                "2": 1,
                "3": 0,
                "4": 1
            },
            "duration": 3.1849030547909107
        },
        "19": {
            "pos": {
                "x": 0.8946977936861454,
                "y": 0.7592281541245297
            },
            "skillset": {
                "0": 0,
                "1": 0,
                "2": 0,
                "3": 0,
                "4": 1
            },
            "duration": 1.6240032356709855
        }
    },
    "robots": {
        "0": {
            "pose": {
                "x": 0.4597159798931846,
                "y": 0.6910399163187593
            },
            "skillset": {
                "0": 1,
                "1": 0,
                "2": 0,
                "3": 0,
                "4": 0
            }
        },
        "1": {
            "pose": {
                "x": 0.4597159798931846,
                "y": 0.6910399163187593
            },
            "skillset": {
                "0": 1,
                "1": 0,
                "2": 0,
                "3": 0,
                "4": 0
            }
        },
        "2": {
            "pose": {
                "x": 0.4597159798931846,
                "y": 0.6910399163187593
            },
            "skillset": {
                "0": 1,
                "1": 0,
                "2": 0,