{
    "setup": {
        "robots": 15,
        "tasks": 20,
        "num_skills": 5,
        "robot_class": "WR",
        "task_class": "ST",
        "coverage": "SC"
    },
    "tasks": {
        "0": {
            "pos": {
                "x": 0.8938576933730674,
                "y": 0.20048033064691728
            },
            "skillset": {
                "0": 1,
                "1": 1,
                "2": 0,
                "3": 1,
                "4": 1
            },
            "duration": 1.6062043646550817
        },
        "1": {
            "pos": {
                "x": 0.1535035301219888,
                "y": 0.7671486431311271
            },
            "skillset": {
                "0": 1,
                "1": 1,
                "2": 0,
                "3": 0,
                "4": 0
            },
            "duration": 3.5283782162996866
        },
        "2": {
            "pos": {
                "x": 0.3798175750451587,
                "y": 0.8837090288913646
            },
            "skillset": {
                "0": 1,
                "1": 0,
                "2": 0,
                "3": 1,
                "4": 0
            },
            "duration": 4.118527406750399
        },
        "3": {
            "pos": {
                "x": 0.04987983095791271,
                "y": 0.22808229422726833
            },
            "skillset": {
                "0": 1,
                "1": 0,
                "2": 1,
                "3": 1,
                "4": 1
            },
            "duration": 2.577716328011679
        },
        "4": {
            "pos": {
                "x": 0.7553125607140438,
                "y": 0.9411137229270544
            },
            "skillset": {
                "0": 0,
                "1": 0,
                "2": 1,
                "3": 1,
                "4": 1
            },
            "duration": 0.5645282719911643
        },
        "5": {
            "pos": {
                "x": 0.649126605108216,
                "y": 0.6863039096545459
            },
            "skillset": {
                "0": 1,
                "1": 0,
                "2": 0,
                "3": 0,
                "4": 1
            },
            "duration": 1.2284233429589797
        },
        "6": {
            "pos": {
                "x": 0.5592858778464024,
                "y": 0.39847291125876694
            },
            "skillset": {
                "0": 1,
                "1": 0,
                "2": 1,
                "3": 0,
                "4": 1
            },
            "duration": 1.6669302122681002
        },
        "7": {
            "pos": {
                "x": 0.8266931864396534,
                "y": 0.1564005594197876
            },
            "skillset": {
                "0": 1,
                "1": 1,
                "2": 1,
                "3": 1,
                "4": 0
            },
            "duration": 2.417352804235529
        },
        "8": {
            "pos": {
                "x": 0.9066149269306361,
                "y": 0.10318103985812421
            },
            "skillset": {
                "0": 1,
                "1": 0,
                "2": 1,
                "3": 0,
                "4": 1
            },
            "duration": 3.812971881616068
        },
        "9": {
            "pos": {
                "x": 0.10574938879142837,
                "y": 0.035098050587434204
            },
            "skillset": {
                "0": 0,
                "1": 0,
                "2": 1,
                "3": 0,
                "4": 0
            },
            "duration": 1.5331611145471524
        },
        "10": {
            "pos": {
                "x": 0.6004513582136424,
                "y": 0.5123393703957316
            },
            "skillset": {
                "0": 0,
                "1": 1,
                "2": 0,
                "3": 0,
                "4": 1
            },
            "duration": 4.342115480499176
        },
        "11": {
            "pos": {
                "x": 0.3857065016725322,
                "y": 0.5873589481134877
            },
            "skillset": {
                "0": 0,
                "1": 0,
                "2": 1,
                "3": 1,
                "4": 1
            },
            "duration": 2.2832822306122718
        },
        "12": {
            "pos": {
                "x": 0.7605831699463259,
                "y": 0.57385563580355
            },
            "skillset": {
                "0": 0,
                "1": 1,
                "2": 1,
                "3": 1,
                "4": 1
            },
            "duration": 3.573739590060237
        },
        "13": {
            "pos": {
                "x": 0.7623783143830495,
                "y": 0.3860121691869549
            },
            "skillset": {
                "0": 0,
                "1": 1,
                "2": 0,
                "3": 1,
                "4": 0
            },
            "duration": 4.315571402299489
        },
        "14": {
            "pos": {
                "x": 0.8913514476704445,
                "y": 0.5843295820886504
            },
            "skillset": {
                "0": 0,
                "1": 0,
                "2": 1,
                "3": 1,
                "4": 0
            },
            "duration": 0.898776237206399
        },
        "15": {
            "pos": {
                "x": 0.16245284417770856,
                "y": 0.4577550068075553
            },
            "skillset": {
                "0": 1,
                "1": 0,
                "2": 1,
                "3": 0,
                "4": 1
            },
            "duration": 0.5635655226405939
        },
        "16": {
            "pos": {
                "x": 0.7054113296574189,
                "y": 0.7801436263889752
            },
            "skillset": {
                "0": 1,
                "1": 0,
                "2": 1,
                "3": 1,
                "4": 1
            },
            "duration": 4.48612045902651
        },
        "17": {
            "pos": {
                "x": 0.11686742390734273,
                "y": 0.7553359576464862
            },
            "skillset": {
                "0": 1,
                "1": 0,
                "2": 1,
                "3": 1,
                "4": 0
            },
            "duration": 0.33212417585888
        },
        "18": {
            "pos": {
                "x": 0.6383858567113677,
                "y": 0.6336672206420575
            },
            "skillset": {
                "0": 0,
                "1": 1,
                "2": 1,
                "3": 1,
                "4": 1
            },
            "duration": 2.7413202155103678
        },
        "19": {
            "pos": {
                "x": 0.8887442664721245,
                "y": 0.2974913814604252
            },
            "skillset": {
                "0": 1,
                "1": 1,
                "2": 0,
                "3": 0,
                "4": 1
            },
            "duration": 1.634596663128287
        }
    },
    "robots": {
        "0": {
            "pose": {
                "x": 0.9625389117411745,
                "y": 0.6061319979534094
            },
            "skillset": {
                "0": 1,
                "1": 0,
                "2": 0,
                "3": 0,
                "4": 0
            }
        },
        "1": {
            "pose": {
                "x": 0.9625389117411745,
                "y": 0.6061319979534094
            },
            "skillset": {
                "0": 1,
                "1": 0,
                "2": 0,
                "3": 0,
                "4": 0
            }
        },
        "2": {
            "pose": {
                "x": 0.9625389117411745,
                "y": 0.6061319979534094
            },
            "skillset": {
                "0": 1,
                "1": 0,
                "2": 0,
                "3": 0,