{
    "setup": {
        "robots": 15,
        "tasks": 20,
        "num_skills": 5,
        "robot_class": "WR",
        "task_class": "ST",
        "coverage": "SC"
    },
    "tasks": {
        "0": {
            "pos": {
                "x": 0.26456478279109186,
                "y": 0.11546396301988116
            },
            "skillset": {
                "0": 0,
                "1": 0,
                "2": 0,
                "3": 1,
                "4": 0
            },
            "duration": 3.807379978797818
        },
        "1": {
            "pos": {
                "x": 0.22290221851621617,
                "y": 0.5239760065777196
            },
            "skillset": {
                "0": 0,
                "1": 0,
                "2": 1,
                "3": 0,
                "4": 0
            },
            "duration": 1.6294976593253647
        },
        "2": {
            "pos": {
                "x": 0.9414990055801179,
                "y": 0.932852394927477
            },
            "skillset": {
                "0": 0,
                "1": 1,
                "2": 0,
                "3": 1,
                "4": 0
            },
            "duration": 2.7460573779548296
        },
        "3": {
            "pos": {
                "x": 0.8400505644029497,
                "y": 0.240823221838109
            },
            "skillset": {
                "0": 1,
                "1": 0,
                "2": 1,
                "3": 1,
                "4": 1
            },
            "duration": 3.4861935189318616
        },
        "4": {
            "pos": {
                "x": 0.9767100428118521,
                "y": 0.5664919856130186
            },
            "skillset": {
                "0": 0,
                "1": 1,
                "2": 1,
                "3": 1,
                "4": 0
            },
            "duration": 2.7003827146822434
        },
        "5": {
            "pos": {
                "x": 0.6421174550843483,
                "y": 0.14946744516131028
            },
            "skillset": {
                "0": 1,
                "1": 0,
                "2": 0,
                "3": 1,
                "4": 1
            },
            "duration": 2.758064958987499
        },
        "6": {
            "pos": {
                "x": 0.430258499105441,
                "y": 0.2698927546637563
            },
            "skillset": {
                "0": 0,
                "1": 1,
                "2": 1,
                "3": 1,
                "4": 1
            },
            "duration": 4.796515388365521
        },
        "7": {
            "pos": {
                "x": 0.9717230965215409,
                "y": 0.19939708864951045
            },
            "skillset": {
                "0": 0,
                "1": 1,
                "2": 0,
                "3": 1,
                "4": 1
            },
            "duration": 4.83140232527108
        },
        "8": {
            "pos": {
                "x": 0.356711329513438,
                "y": 0.4131937522378468
            },
            "skillset": {
                "0": 1,
                "1": 0,
                "2": 1,
                "3": 0,
                "4": 0
            },
            "duration": 4.640528519520687
        },
        "9": {
            "pos": {
                "x": 0.47092743341398147,
                "y": 0.3335332485719369
            },
            "skillset": {
                "0": 1,
                "1": 1,
                "2": 1,
                "3": 0,
                "4": 0
            },
            "duration": 3.0916562100324634
        },
        "10": {
            "pos": {
                "x": 0.5411618248953222,
                "y": 0.9228840617223072
            },
            "skillset": {
                "0": 0,
                "1": 1,
                "2": 1,
                "3": 0,
                "4": 1
            },
            "duration": 0.13127336966895498
        },
        "11": {
            "pos": {
                "x": 0.878151281983617,
                "y": 0.7331789586296487
            },
            "skillset": {
                "0": 1,
                "1": 1,
                "2": 1,
                "3": 1,
                "4": 0
            },
            "duration": 1.7586406356380802
        },
        "12": {
            "pos": {
                "x": 0.6870625652605574,
                "y": 0.19666790609951923
            },
            "skillset": {
                "0": 0,
                "1": 1,
                "2": 1,
                "3": 0,
                "4": 0
            },
            "duration": 4.626328131665615
        },
        "13": {
            "pos": {
                "x": 0.5381160006171206,
                "y": 0.9860409827375994
            },
            "skillset": {
                "0": 1,
                "1": 1,
                "2": 0,
                "3": 0,
                "4": 0
            },
            "duration": 4.224941164684555
        },
        "14": {
            "pos": {
                "x": 0.18192323300767443,
                "y": 0.2900067079757358
            },
            "skillset": {
                "0": 1,
                "1": 0,
                "2": 1,
                "3": 1,
                "4": 1
            },
            "duration": 0.1935391034026973
        },
        "15": {
            "pos": {
                "x": 0.6897097363678578,
                "y": 0.469181025205759
            },
            "skillset": {
                "0": 0,
                "1": 0,
                "2": 0,
                "3": 0,
                "4": 1
            },
            "duration": 2.3881306535154243
        },
        "16": {
            "pos": {
                "x": 0.7042691578389992,
                "y": 0.5258260952739402
            },
            "skillset": {
                "0": 0,
                "1": 0,
                "2": 0,
                "3": 1,
                "4": 1
            },
            "duration": 0.4991174254747721
        },
        "17": {
            "pos": {
                "x": 0.014953936832732384,
                "y": 0.10678171402822045
            },
            "skillset": {
                "0": 1,
                "1": 0,
                "2": 0,
                "3": 1,
                "4": 0
            },
            "duration": 4.516768277302878
        },
        "18": {
            "pos": {
                "x": 0.3933740221791331,
                "y": 0.8443508985510592
            },
            "skillset": {
                "0": 0,
                "1": 1,
                "2": 1,
                "3": 0,
                "4": 1
            },
            "duration": 0.05364568165996286
        },
        "19": {
            "pos": {
                "x": 0.48292711339702155,
                "y": 0.30245607935913665
            },
            "skillset": {
                "0": 0,
                "1": 0,
                "2": 1,
                "3": 0,
                "4": 1
            },
            "duration": 3.807215504547174
        }
    },
    "robots": {
        "0": {
            "pose": {
                "x": 0.9202907201313515,
                "y": 0.33940893799856575
            },
            "skillset": {
                "0": 1,
                "1": 0,
                "2": 0,
                "3": 0,
                "4": 0
            }
        },
        "1": {
            "pose": {
                "x": 0.9202907201313515,
                "y": 0.33940893799856575
            },
            "skillset": {
                "0": 1,
                "1": 0,
                "2": 0,
                "3": 0,
                "4": 0
            }
        },
        "2": {
            "pose": {
                "x": 0.9202907201313515,
                "y": 0.33940893799856575
            },
            "skillset": {
                "0": 1,
                "1": 0,
                "2": 0,