{
    "setup": {
        "robots": 15,
        "tasks": 20,
        "num_skills": 5,
        "robot_class": "WR",
        "task_class": "ST",
        "coverage": "SC"
    },
    "tasks": {
        "0": {
            "pos": {
                "x": 0.6228543749931077,
                "y": 0.5514364242791859
            },
            "skillset": {
                "0": 1,
                "1": 1,
                "2": 1,
                "3": 1,
                "4": 1
            },
            "duration": 3.7762790313654055
        },
        "1": {
            "pos": {
                "x": 0.09658303015123337,
                "y": 0.9760058403210556
            },
            "skillset": {
                "0": 0,
                "1": 0,
                "2": 1,
                "3": 0,
                "4": 1
            },
            "duration": 0.6935442672858122
        },
        "2": {
            "pos": {
                "x": 0.6457625291747005,
                "y": 0.9523892748780748
            },
            "skillset": {
                "0": 0,
                "1": 0,
                "2": 1,
                "3": 1,
                "4": 1
            },
            "duration": 1.2877749230493558
        },
        "3": {
            "pos": {
                "x": 0.6962523955895236,
                "y": 0.6586027333504786
            },
            "skillset": {
                "0": 1,
                "1": 0,
                "2": 0,
                "3": 1,
                "4": 1
            },
            "duration": 3.2444859627940446
        },
        "4": {
            "pos": {
                "x": 0.13405335428939613,
                "y": 0.40402053876903765
            },
            "skillset": {
                "0": 1,
                "1": 1,
                "2": 0,
                "3": 1,
                "4": 0
            },
            "duration": 3.2180930049305707
        },
        "5": {
            "pos": {
                "x": 0.5803566497633994,
                "y": 0.0703119180655919
            },
            "skillset": {
                "0": 0,
                "1": 0,
                "2": 0,
                "3": 0,
                "4": 1
            },
            "duration": 0.45590238673615
        },
        "6": {
            "pos": {
                "x": 0.12760615677788778,
                "y": 0.6531470533325182
            },
            "skillset": {
                "0": 1,
                "1": 1,
                "2": 1,
                "3": 1,
                "4": 1
            },
            "duration": 3.9453345100855137
        },
        "7": {
            "pos": {
                "x": 0.590057123613527,
                "y": 0.4680901961688223
            },
            "skillset": {
                "0": 0,
                "1": 1,
                "2": 1,
                "3": 1,
                "4": 0
            },
            "duration": 4.777449344941745
        },
        "8": {
            "pos": {
                "x": 0.8668777378392706,
                "y": 0.5145485393004517
            },
            "skillset": {
                "0": 0,
                "1": 0,
                "2": 1,
                "3": 1,
                "4": 1
            },
            "duration": 2.1764634272099648
        },
        "9": {
            "pos": {
                "x": 0.7121677296220128,
                "y": 0.169658967627493
            },
            "skillset": {
                "0": 1,
                "1": 1,
                "2": 0,
                "3": 0,
                "4": 1
            },
            "duration": 2.283251489262228
        },
        "10": {
            "pos": {
                "x": 0.7543259284419005,
                "y": 0.9662247933753475
            },
            "skillset": {
                "0": 1,
                "1": 0,
                "2": 0,
                "3": 1,
                "4": 0
            },
            "duration": 2.9124118911828507
        },
        "11": {
            "pos": {
                "x": 0.6410767533991675,
                "y": 0.45183866965970576
            },
            "skillset": {
                "0": 1,
                "1": 1,
                "2": 0,
                "3": 0,
                "4": 0
            },
            "duration": 1.4112438548397688
        },
        "12": {
            "pos": {
                "x": 0.7139667718217934,
                "y": 0.06864064172484752
            },
            "skillset": {
                "0": 1,
                "1": 1,
                "2": 1,
                "3": 0,
                "4": 1
            },
            "duration": 2.0669959291213247
        },
        "13": {
            "pos": {
                "x": 0.8264769515263158,
                "y": 0.49737181731233016
            },
            "skillset": {
                "0": 1,
                "1": 1,
                "2": 1,
                "3": 1,
                "4": 0
            },
            "duration": 3.710843441519062
        },
        "14": {
            "pos": {
                "x": 0.3622362289555693,
                "y": 0.517475822855716
            },
            "skillset": {
                "0": 0,
                "1": 1,
                "2": 0,
                "3": 0,
                "4": 1
            },
            "duration": 0.9625496917597337
        },
        "15": {
            "pos": {
                "x": 0.21828455766268073,
                "y": 0.2301415078006972
            },
            "skillset": {
                "0": 1,
                "1": 1,
                "2": 1,
                "3": 0,
                "4": 0
            },
            "duration": 1.7709742923847687
        },
        "16": {
            "pos": {
                "x": 0.7872365009696296,
                "y": 0.42169489167934515
            },
            "skillset": {
                "0": 1,
                "1": 0,
                "2": 1,
                "3": 0,
                "4": 0
            },
            "duration": 4.780489137287333
        },
        "17": {
            "pos": {
                "x": 0.8245663298928011,
                "y": 0.9808366169864565
            },
            "skillset": {
                "0": 1,
                "1": 1,
                "2": 1,
                "3": 1,
                "4": 1
            },
            "duration": 4.924721987241128
        },
        "18": {
            "pos": {
                "x": 0.7460672263449243,
                "y": 0.18650701103279288
            },
            "skillset": {
                "0": 0,
                "1": 1,
                "2": 0,
                "3": 1,
                "4": 0
            },
            "duration": 0.7935501539472095
        },
        "19": {
            "pos": {
                "x": 0.8511254041641316,
                "y": 0.45824585025311815
            },
            "skillset": {
                "0": 0,
                "1": 1,
                "2": 1,
                "3": 0,
                "4": 0
            },
            "duration": 4.715196960801734
        }
    },
    "robots": {
        "0": {
            "pose": {
                "x": 0.4143269390693315,
                "y": 0.8322324974081204
            },
            "skillset": {
                "0": 1,
                "1": 0,
                "2": 0,
                "3": 0,
                "4": 0
            }
        },
        "1": {
            "pose": {
                "x": 0.4143269390693315,
                "y": 0.8322324974081204
            },
            "skillset": {
                "0": 1,
                "1": 0,
                "2": 0,
                "3": 0,
                "4": 0
            }
        },
        "2": {
            "pose": {
                "x": 0.4143269390693315,
                "y": 0.8322324974081204
            },
            "skillset": {
                "0": 1,
                "1": 0,
                "2": 0,