{
    "setup": {
        "robots": 15,
        "tasks": 20,
        "num_skills": 5,
        "robot_class": "WR",
        "task_class": "ST",
        "coverage": "SC"
    },
    "tasks": {
        "0": {
            "pos": {
                "x": 0.5178599609968021,
                "y": 0.17024528034568043
            },
            "skillset": {
                "0": 0,
                "1": 0,
                "2": 1,
                "3": 0,
                "4": 1
            },
            "duration": 3.5932305253128765
        },
        "1": {
            "pos": {
                "x": 0.9041566646042832,
                "y": 0.16658102173721645
            },
            "skillset": {
                "0": 0,
                "1": 1,
                "2": 1,
                "3": 0,
                "4": 0
            },
            "duration": 4.190608187059112
        },
        "2": {
            "pos": {
                "x": 0.8292841779493281,
                "y": 0.18700590952153606
            },
            "skillset": {
                "0": 0,
                "1": 0,
                "2": 0,
                "3": 1,
                "4": 1
            },
            "duration": 1.8129646967402717
        },
        "3": {
            "pos": {
                "x": 0.5480381453054765,
                "y": 0.15622561148258074
            },
            "skillset": {
                "0": 0,
                "1": 0,
                "2": 0,
                "3": 1,
                "4": 0
            },
            "duration": 2.5436940361233535
        },
        "4": {
            "pos": {
                "x": 0.5330834940539257,
                "y": 0.10485640239342497
            },
            "skillset": {
                "0": 0,
                "1": 1,
                "2": 0,
                "3": 0,
                "4": 1
            },
            "duration": 4.766830890503003
        },
        "5": {
            "pos": {
                "x": 0.6303387596099317,
                "y": 0.1492431032357313
            },
            "skillset": {
                "0": 1,
                "1": 0,
                "2": 0,
                "3": 0,
                "4": 1
            },
            "duration": 3.216101705686267
        },
        "6": {
            "pos": {
                "x": 0.6942489839540877,
                "y": 0.1404830833895262
            },
            "skillset": {
                "0": 0,
                "1": 1,
                "2": 0,
                "3": 0,
                "4": 0
            },
            "duration": 4.9279277955697545
        },
        "7": {
            "pos": {
                "x": 0.9542716346221526,
                "y": 0.511613267092316
            },
            "skillset": {
                "0": 0,
                "1": 1,
                "2": 0,
                "3": 0,
                "4": 0
            },
            "duration": 3.7426665288961103
        },
        "8": {
            "pos": {
                "x": 0.2634986853898318,
                "y": 0.02955757459153019
            },
            "skillset": {
                "0": 0,
                "1": 1,
                "2": 0,
                "3": 0,
                "4": 1
            },
            "duration": 3.241292355560714
        },
        "9": {
            "pos": {
                "x": 0.3306910846443586,
                "y": 0.9448398005087195
            },
            "skillset": {
                "0": 0,
                "1": 1,
                "2": 1,
                "3": 1,
                "4": 0
            },
            "duration": 2.0179141594313244
        },
        "10": {
            "pos": {
                "x": 0.3971127152032159,
                "y": 0.8897133558575127
            },
            "skillset": {
                "0": 1,
                "1": 0,
                "2": 1,
                "3": 1,
                "4": 1
            },
            "duration": 2.1927083216087064
        },
        "11": {
            "pos": {
                "x": 0.0724617898882205,
                "y": 0.26489410046671746
            },
            "skillset": {
                "0": 1,
                "1": 1,
                "2": 0,
                "3": 1,
                "4": 1
            },
            "duration": 2.244722213339595
        },
        "12": {
            "pos": {
                "x": 0.9308920458504503,
                "y": 0.3680086262258395
            },
            "skillset": {
                "0": 0,
                "1": 1,
                "2": 0,
                "3": 0,
                "4": 0
            },
            "duration": 2.1645627790852062
        },
        "13": {
            "pos": {
                "x": 0.09497823693196306,
                "y": 0.7450066028371832
            },
            "skillset": {
                "0": 0,
                "1": 0,
                "2": 1,
                "3": 0,
                "4": 0
            },
            "duration": 3.222986673559239
        },
        "14": {
            "pos": {
                "x": 0.749775169269391,
                "y": 0.2438785101669566
            },
            "skillset": {
                "0": 0,
                "1": 1,
                "2": 0,
                "3": 0,
                "4": 1
            },
            "duration": 0.32605572501335833
        },
        "15": {
            "pos": {
                "x": 0.6090983670148898,
                "y": 0.9570107462353966
            },
            "skillset": {
                "0": 1,
                "1": 0,
                "2": 0,
                "3": 0,
                "4": 0
            },
            "duration": 0.7850611195353407
        },
        "16": {
            "pos": {
                "x": 0.3448886059727253,
                "y": 0.1400926588775101
            },
            "skillset": {
                "0": 0,
                "1": 0,
                "2": 0,
                "3": 0,
                "4": 1
            },
            "duration": 3.0694418051799603
        },
        "17": {
            "pos": {
                "x": 0.8836421003231902,
                "y": 0.48760856952821086
            },
            "skillset": {
                "0": 0,
                "1": 1,
                "2": 1,
                "3": 0,
                "4": 1
            },
            "duration": 2.6558477269358405
        },
        "18": {
            "pos": {
                "x": 0.5904184284448396,
                "y": 0.7357258020469993
            },
            "skillset": {
                "0": 0,
                "1": 0,
                "2": 0,
                "3": 1,
                "4": 1
            },
            "duration": 1.387007145071197
        },
        "19": {
            "pos": {
                "x": 0.08673738646374363,
                "y": 0.2260827937473544
            },
            "skillset": {
                "0": 0,
                "1": 1,
                "2": 0,
                "3": 0,
                "4": 0
            },
            "duration": 0.2194249413896987
        }
    },
    "robots": {
        "0": {
            "pose": {
                "x": 0.21112318273480324,
                "y": 0.8072432748493149
            },
            "skillset": {
                "0": 1,
                "1": 0,
                "2": 0,
                "3": 0,
                "4": 0
            }
        },
        "1": {
            "pose": {
                "x": 0.21112318273480324,
                "y": 0.8072432748493149
            },
            "skillset": {
                "0": 1,
                "1": 0,
                "2": 0,
                "3": 0,
                "4": 0
            }
        },
        "2": {
            "pose": {
                "x": 0.21112318273480324,
                "y": 0.8072432748493149
            },
            "skillset": {
                "0": 1,
                "1": 0,
                "2": 0,