{
    "setup": {
        "robots": 15,
        "tasks": 20,
        "num_skills": 5,
        "robot_class": "WR",
        "task_class": "ST",
        "coverage": "SC"
    },
    "tasks": {
        "0": {
            "pos": {
                "x": 0.42503951723329003,
                "y": 0.39496165461935895
            },
            "skillset": {
                "0": 1,
                "1": 0,
                "2": 0,
                "3": 1,
                "4": 1
            },
            "duration": 0.8062819696692458
        },
        "1": {
            "pos": {
                "x": 0.8515791964385097,
                "y": 0.6295000311166755
            },
            "skillset": {
                "0": 1,
                "1": 0,
                "2": 0,
                "3": 1,
                "4": 1
            },
            "duration": 3.54676715371188
        },
        "2": {
            "pos": {
                "x": 0.6944516984778237,
                "y": 0.16030631895954506
            },
            "skillset": {
                "0": 0,
                "1": 0,
                "2": 1,
                "3": 1,
                "4": 1
            },
            "duration": 0.6991063261304153
        },
        "3": {
            "pos": {
                "x": 0.44363371777895877,
                "y": 0.01695856008116592
            },
            "skillset": {
                "0": 1,
                "1": 0,
                "2": 0,
                "3": 1,
                "4": 1
            },
            "duration": 2.854696900417266
        },
        "4": {
            "pos": {
                "x": 0.5360237417570741,
                "y": 0.020035984159982978
            },
            "skillset": {
                "0": 0,
                "1": 0,
                "2": 1,
                "3": 0,
                "4": 0
            },
            "duration": 1.813781339560786
        },
        "5": {
            "pos": {
                "x": 0.6505738641254177,
                "y": 0.14550167559760152
            },
            "skillset": {
                "0": 0,
                "1": 1,
                "2": 0,
                "3": 0,
                "4": 0
            },
            "duration": 2.884912134430993
        },
        "6": {
            "pos": {
                "x": 0.07465521953573706,
                "y": 0.16432212424302506
            },
            "skillset": {
                "0": 1,
                "1": 1,
                "2": 0,
                "3": 1,
                "4": 1
            },
            "duration": 3.219648570396248
        },
        "7": {
            "pos": {
                "x": 0.4174146112651228,
                "y": 0.4891263322461793
            },
            "skillset": {
                "0": 0,
                "1": 0,
                "2": 1,
                "3": 1,
                "4": 0
            },
            "duration": 1.5014719923598174
        },
        "8": {
            "pos": {
                "x": 0.25116025345523507,
                "y": 0.6235840689891767
            },
            "skillset": {
                "0": 0,
                "1": 0,
                "2": 1,
                "3": 0,
                "4": 1
            },
            "duration": 1.5026380080072048
        },
        "9": {
            "pos": {
                "x": 0.6070943507877418,
                "y": 0.21494427539553052
            },
            "skillset": {
                "0": 1,
                "1": 1,
                "2": 0,
                "3": 0,
                "4": 1
            },
            "duration": 0.9398718465306272
        },
        "10": {
            "pos": {
                "x": 0.3824333789767588,
                "y": 0.9319559583796778
            },
            "skillset": {
                "0": 1,
                "1": 0,
                "2": 0,
                "3": 0,
                "4": 0
            },
            "duration": 4.79482602422184
        },
        "11": {
            "pos": {
                "x": 0.49496764594724063,
                "y": 0.8146959192145573
            },
            "skillset": {
                "0": 0,
                "1": 0,
                "2": 0,
                "3": 0,
                "4": 1
            },
            "duration": 2.2056767266124404
        },
        "12": {
            "pos": {
                "x": 0.6829260860843163,
                "y": 0.6521738183485277
            },
            "skillset": {
                "0": 0,
                "1": 1,
                "2": 1,
                "3": 1,
                "4": 1
            },
            "duration": 0.32080869975799897
        },
        "13": {
            "pos": {
                "x": 0.8834557946452277,
                "y": 0.04311565337141898
            },
            "skillset": {
                "0": 0,
                "1": 0,
                "2": 0,
                "3": 0,
                "4": 1
            },
            "duration": 2.4702317684923214
        },
        "14": {
            "pos": {
                "x": 0.5511922816483299,
                "y": 0.8953664224557863
            },
            "skillset": {
                "0": 1,
                "1": 1,
                "2": 1,
                "3": 1,
                "4": 0
            },
            "duration": 3.2548235838095625
        },
        "15": {
            "pos": {
                "x": 0.5503015685336491,
                "y": 0.01604446381601521
            },
            "skillset": {
                "0": 1,
                "1": 0,
                "2": 1,
                "3": 0,
                "4": 1
            },
            "duration": 4.454931087847259
        },
        "16": {
            "pos": {
                "x": 0.9394404616026574,
                "y": 0.7401435935688714
            },
            "skillset": {
                "0": 1,
                "1": 1,
                "2": 0,
                "3": 1,
                "4": 0
            },
            "duration": 1.6257026700779476
        },
        "17": {
            "pos": {
                "x": 0.3794730593559933,
                "y": 0.18118747947444624
            },
            "skillset": {
                "0": 0,
                "1": 0,
                "2": 1,
                "3": 1,
                "4": 1
            },
            "duration": 3.933645108480625
        },
        "18": {
            "pos": {
                "x": 0.02168253618607785,
                "y": 0.9306904983526804
            },
            "skillset": {
                "0": 0,
                "1": 1,
                "2": 0,
                "3": 1,
                "4": 0
            },
            "duration": 3.3490081799165794
        },
        "19": {
            "pos": {
                "x": 0.8347347468923889,
                "y": 0.12693683701779468
            },
            "skillset": {
                "0": 1,
                "1": 1,
                "2": 0,
                "3": 0,
                "4": 0
            },
            "duration": 4.643185247582248
        }
    },
    "robots": {
        "0": {
            "pose": {
                "x": 0.29942092898474437,
                "y": 0.13256556703666422
            },
            "skillset": {
                "0": 1,
                "1": 0,
                "2": 0,
                "3": 0,
                "4": 0
            }
        },
        "1": {
            "pose": {
                "x": 0.29942092898474437,
                "y": 0.13256556703666422
            },
            "skillset": {
                "0": 1,
                "1": 0,
                "2": 0,
                "3": 0,
                "4": 0
            }
        },
        "2": {
            "pose": {
                "x": 0.29942092898474437,
                "y": 0.13256556703666422
            },
            "skillset": {
                "0": 1,
                "1": 0,
                "2": 0,