{
    "setup": {
        "robots": 15,
        "tasks": 20,
        "num_skills": 5,
        "robot_class": "WR",
        "task_class": "ST",
        "coverage": "SC"
    },
    "tasks": {
        "0": {
            "pos": {
                "x": 0.8329969641884205,
                "y": 0.09941111793264079
            },
            "skillset": {
                "0": 1,
                "1": 0,
                "2": 0,
                "3": 0,
                "4": 0
            },
            "duration": 4.809349790990383
        },
        "1": {
            "pos": {
                "x": 0.45058453555176214,
                "y": 0.4884985730839694
            },
            "skillset": {
                "0": 1,
                "1": 0,
                "2": 0,
                "3": 0,
                "4": 1
            },
            "duration": 0.2971743271795124
        },
        "2": {
            "pos": {
                "x": 0.6202724083835623,
                "y": 0.5040144824015966
            },
            "skillset": {
                "0": 1,
                "1": 1,
                "2": 1,
                "3": 0,
                "4": 1
            },
            "duration": 1.0452985957748955
        },
        "3": {
            "pos": {
                "x": 0.9373431437289681,
                "y": 0.7503965943632757
            },
            "skillset": {
                "0": 0,
                "1": 1,
                "2": 0,
                "3": 0,
                "4": 1
            },
            "duration": 2.815115916279539
        },
        "4": {
            "pos": {
                "x": 0.5744664978829658,
                "y": 0.6172721367052832
            },
            "skillset": {
                "0": 0,
                "1": 1,
                "2": 0,
                "3": 0,
                "4": 1
            },
            "duration": 3.8533011474198977
        },
        "5": {
            "pos": {
                "x": 0.5065514916069802,
                "y": 0.9647618088753547
            },
            "skillset": {
                "0": 0,
                "1": 1,
                "2": 1,
                "3": 1,
                "4": 0
            },
            "duration": 0.3201211566219059
        },
        "6": {
            "pos": {
                "x": 0.2266260633591367,
                "y": 0.6890271371485683
            },
            "skillset": {
                "0": 0,
                "1": 1,
                "2": 1,
                "3": 1,
                "4": 1
            },
            "duration": 0.9240134221493984
        },
        "7": {
            "pos": {
                "x": 0.5550966788978652,
                "y": 0.04201178906868608
            },
            "skillset": {
                "0": 1,
                "1": 0,
                "2": 0,
                "3": 0,
                "4": 0
            },
            "duration": 2.283600608453446
        },
        "8": {
            "pos": {
                "x": 0.2961499997837337,
                "y": 0.9271669354015911
            },
            "skillset": {
                "0": 0,
                "1": 0,
                "2": 1,
                "3": 1,
                "4": 1
            },
            "duration": 3.343453792750867
        },
        "9": {
            "pos": {
                "x": 0.7845648574299998,
                "y": 0.012831093530388249
            },
            "skillset": {
                "0": 1,
                "1": 1,
                "2": 1,
                "3": 1,
                "4": 0
            },
            "duration": 4.516639634944058
        },
        "10": {
            "pos": {
                "x": 0.2966263296627448,
                "y": 0.009805349046563827
            },
            "skillset": {
                "0": 1,
                "1": 1,
                "2": 0,
                "3": 0,
                "4": 1
            },
            "duration": 4.334864817707752
        },
        "11": {
            "pos": {
                "x": 0.8274669429780779,
                "y": 0.11036759230906301
            },
            "skillset": {
                "0": 1,
                "1": 1,
                "2": 0,
                "3": 0,
                "4": 0
            },
            "duration": 3.9687770770912882
        },
        "12": {
            "pos": {
                "x": 0.057455178774819426,
                "y": 0.9818833431950986
            },
            "skillset": {
                "0": 1,
                "1": 0,
                "2": 0,
                "3": 1,
                "4": 1
            },
            "duration": 0.2636607168827554
        },
        "13": {
            "pos": {
                "x": 0.44586987941521383,
                "y": 0.318392999063676
            },
            "skillset": {
                "0": 1,
                "1": 0,
                "2": 1,
                "3": 1,
                "4": 1
            },
            "duration": 4.883182466460937
        },
        "14": {
            "pos": {
                "x": 0.04901338956309209,
                "y": 0.38959528429882206
            },
            "skillset": {
                "0": 0,
                "1": 0,
                "2": 1,
                "3": 1,
                "4": 1
            },
            "duration": 3.073139745755784
        },
        "15": {
            "pos": {
                "x": 0.36603905726213826,
                "y": 0.5234807880554642
            },
            "skillset": {
                "0": 1,
                "1": 0,
                "2": 1,
                "3": 0,
                "4": 0
            },
            "duration": 0.4305790760072503
        },
        "16": {
            "pos": {
                "x": 0.006785466481482927,
                "y": 0.14796288029021853
            },
            "skillset": {
                "0": 0,
                "1": 1,
                "2": 0,
                "3": 1,
                "4": 0
            },
            "duration": 1.2746438769488266
        },
        "17": {
            "pos": {
                "x": 0.20988652574840627,
                "y": 0.44050451874869756
            },
            "skillset": {
                "0": 1,
                "1": 0,
                "2": 0,
                "3": 0,
                "4": 1
            },
            "duration": 3.103770422831454
        },
        "18": {
            "pos": {
                "x": 0.3023033663098663,
                "y": 0.6133276764903989
            },
            "skillset": {
                "0": 1,
                "1": 0,
                "2": 1,
                "3": 1,
                "4": 0
            },
            "duration": 1.9282005844181977
        },
        "19": {
            "pos": {
                "x": 0.2854326055392954,
                "y": 0.9096330100844199
            },
            "skillset": {
                "0": 0,
                "1": 0,
                "2": 0,
                "3": 1,
                "4": 0
            },
            "duration": 2.2330173774527107
        }
    },
    "robots": {
        "0": {
            "pose": {
                "x": 0.7019494763859895,
                "y": 0.45643062088155606
            },
            "skillset": {
                "0": 1,
                "1": 0,
                "2": 0,
                "3": 0,
                "4": 0
            }
        },
        "1": {
            "pose": {
                "x": 0.7019494763859895,
                "y": 0.45643062088155606
            },
            "skillset": {
                "0": 1,
                "1": 0,
                "2": 0,
                "3": 0,
                "4": 0
            }
        },
        "2": {
            "pose": {
                "x": 0.7019494763859895,
                "y": 0.45643062088155606
            },
            "skillset": {
                "0": 1,
                "1": 0,
                "2": 0,