{
    "setup": {
        "robots": 15,
        "tasks": 20,
        "num_skills": 5,
        "robot_class": "WR",
        "task_class": "ST",
        "coverage": "SC"
    },
    "tasks": {
        "0": {
            "pos": {
                "x": 0.0708397691941256,
                "y": 0.7107618993302368
            },
            "skillset": {
                "0": 1,
                "1": 1,
                "2": 1,
                "3": 1,
                "4": 0
            },
            "duration": 3.96258601895126
        },
        "1": {
            "pos": {
                "x": 0.22794259893245294,
                "y": 0.20833624706962073
            },
            "skillset": {
                "0": 0,
                "1": 1,
                "2": 0,
                "3": 1,
                "4": 1
            },
            "duration": 0.8329635788917722
        },
        "2": {
            "pos": {
                "x": 0.25175838616197377,
                "y": 0.7508490763831921
            },
            "skillset": {
                "0": 1,
                "1": 0,
                "2": 0,
                "3": 1,
                "4": 1
            },
            "duration": 4.838756463100744
        },
        "3": {
            "pos": {
                "x": 0.48545315012512336,
                "y": 0.7588885848551502
            },
            "skillset": {
                "0": 0,
                "1": 0,
                "2": 1,
                "3": 0,
                "4": 1
            },
            "duration": 0.833714068716106
        },
        "4": {
            "pos": {
                "x": 0.6634193768138188,
                "y": 0.984473344285589
            },
            "skillset": {
                "0": 0,
                "1": 0,
                "2": 1,
                "3": 0,
                "4": 1
            },
            "duration": 1.9971743270141245
        },
        "5": {
            "pos": {
                "x": 0.9783445579124698,
                "y": 0.35048055159496017
            },
            "skillset": {
                "0": 1,
                "1": 1,
                "2": 1,
                "3": 0,
                "4": 0
            },
            "duration": 1.782539959876186
        },
        "6": {
            "pos": {
                "x": 0.9882619221740135,
                "y": 0.3097819653992777
            },
            "skillset": {
                "0": 1,
                "1": 0,
                "2": 0,
                "3": 0,
                "4": 0
            },
            "duration": 4.1865318136096015
        },
        "7": {
            "pos": {
                "x": 0.5824237855091274,
                "y": 0.3525983193267066
            },
            "skillset": {
                "0": 0,
                "1": 1,
                "2": 0,
                "3": 1,
                "4": 0
            },
            "duration": 4.66356253112061
        },
        "8": {
            "pos": {
                "x": 0.9832295339920463,
                "y": 0.6777650959106615
            },
            "skillset": {
                "0": 0,
                "1": 1,
                "2": 1,
                "3": 0,
                "4": 0
            },
            "duration": 0.44755358763560626
        },
        "9": {
            "pos": {
                "x": 0.9594734607425154,
                "y": 0.918351280082541
            },
            "skillset": {
                "0": 1,
                "1": 0,
                "2": 1,
                "3": 1,
                "4": 1
            },
            "duration": 1.0531508507451293
        },
        "10": {
            "pos": {
                "x": 0.626651254041927,
                "y": 0.11062417348592268
            },
            "skillset": {
                "0": 1,
                "1": 0,
                "2": 0,
                "3": 0,
                "4": 0
            },
            "duration": 1.7205587680898389
        },
        "11": {
            "pos": {
                "x": 0.6802536982214191,
                "y": 0.7075245819915758
            },
            "skillset": {
                "0": 0,
                "1": 1,
                "2": 1,
                "3": 1,
                "4": 1
            },
            "duration": 3.983534219612532
        },
        "12": {
            "pos": {
                "x": 0.838242271960634,
                "y": 0.648290358972985
            },
            "skillset": {
                "0": 0,
                "1": 1,
                "2": 1,
                "3": 0,
                "4": 0
            },
            "duration": 2.887179114413372
        },
        "13": {
            "pos": {
                "x": 0.6567402060131124,
                "y": 0.33136351538396014
            },
            "skillset": {
                "0": 1,
                "1": 0,
                "2": 0,
                "3": 1,
                "4": 1
            },
            "duration": 3.882602045667038
        },
        "14": {
            "pos": {
                "x": 0.5398858508024608,
                "y": 0.5123824417035692
            },
            "skillset": {
                "0": 0,
                "1": 0,
                "2": 1,
                "3": 0,
                "4": 1
            },
            "duration": 1.9902521766192205
        },
        "15": {
            "pos": {
                "x": 0.998786087140001,
                "y": 0.5752341717809725
            },
            "skillset": {
                "0": 1,
                "1": 0,
                "2": 1,
                "3": 1,
                "4": 1
            },
            "duration": 0.9086664292882463
        },
        "16": {
            "pos": {
                "x": 0.9902117074161962,
                "y": 0.09583698518067718
            },
            "skillset": {
                "0": 0,
                "1": 0,
                "2": 0,
                "3": 1,
                "4": 1
            },
            "duration": 1.9878275545566182
        },
        "17": {
            "pos": {
                "x": 0.27736496560156987,
                "y": 0.5699822751322803
            },
            "skillset": {
                "0": 1,
                "1": 0,
                "2": 0,
                "3": 1,
                "4": 1
            },
            "duration": 1.3364153210231748
        },
        "18": {
            "pos": {
                "x": 0.7364560686231885,
                "y": 0.9447356046899721
            },
            "skillset": {
                "0": 1,
                "1": 0,
                "2": 0,
                "3": 0,
                "4": 1
            },
            "duration": 0.8739766102565111
        },
        "19": {
            "pos": {
                "x": 0.014728750028232152,
                "y": 0.6733826467902599
            },
            "skillset": {
                "0": 0,
                "1": 0,
                "2": 0,
                "3": 1,
                "4": 0
            },
            "duration": 2.913614138340031
        }
    },
    "robots": {
        "0": {
            "pose": {
                "x": 0.6552050479285667,
                "y": 0.5785088818050057
            },
            "skillset": {
                "0": 1,
                "1": 0,
                "2": 0,
                "3": 0,
                "4": 0
            }
        },
        "1": {
            "pose": {
                "x": 0.6552050479285667,
                "y": 0.5785088818050057
            },
            "skillset": {
                "0": 1,
                "1": 0,
                "2": 0,
                "3": 0,
                "4": 0
            }
        },
        "2": {
            "pose": {
                "x": 0.6552050479285667,
                "y": 0.5785088818050057
            },
            "skillset": {
                "0": 1,
                "1": 0,
                "2": 0,
                "3": 0,