{
    "setup": {
        "robots": 15,
        "tasks": 20,
        "num_skills": 5,
        "robot_class": "WR",
        "task_class": "ST",
        "coverage": "SC"
    },
    "tasks": {
        "0": {
            "pos": {
                "x": 0.8656312905705063,
                "y": 0.35966097172248845
            },
            "skillset": {
                "0": 1,
                "1": 0,
                "2": 1,
                "3": 0,
                "4": 0
            },
            "duration": 1.762736236450058
        },
        "1": {
            "pos": {
                "x": 0.733306574296297,
                "y": 0.6978842469928758
            },
            "skillset": {
                "0": 0,
                "1": 0,
                "2": 1,
                "3": 1,
                "4": 1
            },
            "duration": 2.5437938767905397
        },
        "2": {
            "pos": {
                "x": 0.20441797263438088,
                "y": 0.08270086319471825
            },
            "skillset": {
                "0": 0,
                "1": 1,
                "2": 1,
                "3": 1,
                "4": 1
            },
            "duration": 1.4071700565773826
        },
        "3": {
            "pos": {
                "x": 0.2381642007789695,
                "y": 0.4940357255964032
            },
            "skillset": {
                "0": 0,
                "1": 1,
                "2": 1,
                "3": 0,
                "4": 0
            },
            "duration": 0.35571430366567236
        },
        "4": {
            "pos": {
                "x": 0.8320612615918426,
                "y": 0.20254450228167875
            },
            "skillset": {
                "0": 1,
                "1": 1,
                "2": 1,
                "3": 0,
                "4": 0
            },
            "duration": 1.0792764083014006
        },
        "5": {
            "pos": {
                "x": 0.3228260189918266,
                "y": 0.7802643746440794
            },
            "skillset": {
                "0": 1,
                "1": 1,
                "2": 1,
                "3": 0,
                "4": 0
            },
            "duration": 0.04461281610230072
        },
        "6": {
            "pos": {
                "x": 0.03202674243647996,
                "y": 0.6404570142865229
            },
            "skillset": {
                "0": 1,
                "1": 0,
                "2": 0,
                "3": 1,
                "4": 1
            },
            "duration": 0.33944482185324865
        },
        "7": {
            "pos": {
                "x": 0.9347271841300785,
                "y": 0.6773024703530612
            },
            "skillset": {
                "0": 1,
                "1": 0,
                "2": 0,
                "3": 0,
                "4": 1
            },
            "duration": 1.4223160634935528
        },
        "8": {
            "pos": {
                "x": 0.6300672902417839,
                "y": 0.059132096837133274
            },
            "skillset": {
                "0": 1,
                "1": 0,
                "2": 1,
                "3": 1,
                "4": 0
            },
            "duration": 1.8586973518127592
        },
        "9": {
            "pos": {
                "x": 0.4563433239293022,
                "y": 0.25113366719602903
            },
            "skillset": {
                "0": 1,
                "1": 1,
                "2": 1,
                "3": 0,
                "4": 1
            },
            "duration": 3.1161511900557306
        },
        "10": {
            "pos": {
                "x": 0.8867861002640944,
                "y": 0.21675394502707512
            },
            "skillset": {
                "0": 0,
                "1": 0,
                "2": 1,
                "3": 1,
                "4": 1
            },
            "duration": 1.7417889409701093
        },
        "11": {
            "pos": {
                "x": 0.2692840782009198,
                "y": 0.33577257042336983
            },
            "skillset": {
                "0": 0,
                "1": 1,
                "2": 1,
                "3": 0,
                "4": 0
            },
            "duration": 4.428587219802003
        },
        "12": {
            "pos": {
                "x": 0.7762542542959978,
                "y": 0.3953638781976627
            },
            "skillset": {
                "0": 1,
                "1": 0,
                "2": 1,
                "3": 0,
                "4": 1
            },
            "duration": 3.30167451052962
        },
        "13": {
            "pos": {
                "x": 0.6255018560721715,
                "y": 0.3136691165014832
            },
            "skillset": {
                "0": 0,
                "1": 1,
                "2": 1,
                "3": 1,
                "4": 1
            },
            "duration": 4.198355298220593
        },
        "14": {
            "pos": {
                "x": 0.2937954094126062,
                "y": 0.8344607372232659
            },
            "skillset": {
                "0": 1,
                "1": 1,
                "2": 0,
                "3": 1,
                "4": 0
            },
            "duration": 2.365708049829016
        },
        "15": {
            "pos": {
                "x": 0.9730761500473846,
                "y": 0.9204461787000281
            },
            "skillset": {
                "0": 0,
                "1": 1,
                "2": 1,
                "3": 1,
                "4": 0
            },
            "duration": 3.113439588847223
        },
        "16": {
            "pos": {
                "x": 0.33326831254029365,
                "y": 0.12674763329498084
            },
            "skillset": {
                "0": 0,
                "1": 0,
                "2": 0,
                "3": 0,
                "4": 1
            },
            "duration": 1.8454910974490373
        },
        "17": {
            "pos": {
                "x": 0.23369742084635658,
                "y": 0.16745524731485206
            },
            "skillset": {
                "0": 0,
                "1": 1,
                "2": 1,
                "3": 0,
                "4": 0
            },
            "duration": 3.9186944356344817
        },
        "18": {
            "pos": {
                "x": 0.9958239369129319,
                "y": 0.9066860418634842
            },
            "skillset": {
                "0": 1,
                "1": 0,
                "2": 1,
                "3": 1,
                "4": 1
            },
            "duration": 4.751810580259676
        },
        "19": {
            "pos": {
                "x": 0.20820108585678687,
                "y": 0.7167100942761145
            },
            "skillset": {
                "0": 1,
                "1": 0,
                "2": 0,
                "3": 1,
                "4": 1
            },
            "duration": 1.630821228743307
        }
    },
    "robots": {
        "0": {
            "pose": {
                "x": 0.6831519035213243,
                "y": 0.4853685684875322
            },
            "skillset": {
                "0": 1,
                "1": 0,
                "2": 0,
                "3": 0,
                "4": 0
            }
        },
        "1": {
            "pose": {
                "x": 0.6831519035213243,
                "y": 0.4853685684875322
            },
            "skillset": {
                "0": 1,
                "1": 0,
                "2": 0,
                "3": 0,
                "4": 0
            }
        },
        "2": {
            "pose": {
                "x": 0.6831519035213243,
                "y": 0.4853685684875322
            },
            "skillset": {
                "0": 1,
                "1": 0,
                "2": 0,