{
    "setup": {
        "robots": 15,
        "tasks": 20,
        "num_skills": 5,
        "robot_class": "WR",
        "task_class": "ST",
        "coverage": "SC"
    },
    "tasks": {
        "0": {
            "pos": {
                "x": 0.7526260648692316,
                "y": 0.7339921627438649
            },
            "skillset": {
                "0": 1,
                "1": 0,
                "2": 0,
                "3": 1,
                "4": 1
            },
            "duration": 3.781554229175421
        },
        "1": {
            "pos": {
                "x": 0.6182246440119125,
                "y": 0.4871875004302405
            },
            "skillset": {
                "0": 0,
                "1": 0,
                "2": 0,
                "3": 1,
                "4": 1
            },
            "duration": 3.2628567250501783
        },
        "2": {
            "pos": {
                "x": 0.7259500167879473,
                "y": 0.7535909427646037
            },
            "skillset": {
                "0": 1,
                "1": 1,
                "2": 1,
                "3": 1,
                "4": 1
            },
            "duration": 1.8752837062025485
        },
        "3": {
            "pos": {
                "x": 0.7103439013951715,
                "y": 0.1554714576176266
            },
            "skillset": {
                "0": 1,
                "1": 1,
                "2": 0,
                "3": 0,
                "4": 0
            },
            "duration": 1.6855025840541715
        },
        "4": {
            "pos": {
                "x": 0.2523480951345237,
                "y": 0.671911672795634
            },
            "skillset": {
                "0": 1,
                "1": 0,
                "2": 1,
                "3": 1,
                "4": 1
            },
            "duration": 2.583624298614533
        },
        "5": {
            "pos": {
                "x": 0.6853419042580434,
                "y": 0.5918765442588684
            },
            "skillset": {
                "0": 1,
                "1": 1,
                "2": 1,
                "3": 1,
                "4": 1
            },
            "duration": 4.462058439120133
        },
        "6": {
            "pos": {
                "x": 0.6632396403215138,
                "y": 0.9230680564074142
            },
            "skillset": {
                "0": 0,
                "1": 0,
                "2": 1,
                "3": 1,
                "4": 0
            },
            "duration": 1.470602550541205
        },
        "7": {
            "pos": {
                "x": 0.07175863771431701,
                "y": 0.5104667796946262
            },
            "skillset": {
                "0": 1,
                "1": 1,
                "2": 1,
                "3": 0,
                "4": 1
            },
            "duration": 2.69541110371672
        },
        "8": {
            "pos": {
                "x": 0.3320762205092642,
                "y": 0.01979183960826314
            },
            "skillset": {
                "0": 1,
                "1": 0,
                "2": 1,
                "3": 1,
                "4": 1
            },
            "duration": 0.4464261439369266
        },
        "9": {
            "pos": {
                "x": 0.679923779633705,
                "y": 0.04820302396844067
            },
            "skillset": {
                "0": 1,
                "1": 1,
                "2": 0,
                "3": 0,
                "4": 1
            },
            "duration": 3.2485771173733298
        },
        "10": {
            "pos": {
                "x": 0.03926820219289806,
                "y": 0.26045826322300014
            },
            "skillset": {
                "0": 1,
                "1": 0,
                "2": 0,
                "3": 0,
                "4": 1
            },
            "duration": 2.0214130592500386
        },
        "11": {
            "pos": {
                "x": 0.0827535311385339,
                "y": 0.7307391117707629
            },
            "skillset": {
                "0": 1,
                "1": 1,
                "2": 1,
                "3": 0,
                "4": 1
            },
            "duration": 1.0168852677213942
        },
        "12": {
            "pos": {
                "x": 0.005253335199611797,
                "y": 0.6485460387363571
            },
            "skillset": {
                "0": 0,
                "1": 0,
                "2": 1,
                "3": 1,
                "4": 1
            },
            "duration": 4.1789787148995945
        },
        "13": {
            "pos": {
                "x": 0.33588179502412474,
                "y": 0.9819003254808369
            },
            "skillset": {
                "0": 0,
                "1": 1,
                "2": 1,
                "3": 1,
                "4": 0
            },
            "duration": 0.20127346142504055
        },
        "14": {
            "pos": {
                "x": 0.5772092229938629,
                "y": 0.6679320379514434
            },
            "skillset": {
                "0": 0,
                "1": 1,
                "2": 1,
                "3": 1,
                "4": 1
            },
            "duration": 4.9053522841408705
        },
        "15": {
            "pos": {
                "x": 0.8595881219350545,
                "y": 0.223364097016301
            },
            "skillset": {
                "0": 0,
                "1": 0,
                "2": 0,
                "3": 0,
                "4": 1
            },
            "duration": 2.620284444527426
        },
        "16": {
            "pos": {
                "x": 0.2395418593907187,
                "y": 0.8039910048320532
            },
            "skillset": {
                "0": 0,
                "1": 0,
                "2": 1,
                "3": 0,
                "4": 1
            },
            "duration": 4.25387758203997
        },
        "17": {
            "pos": {
                "x": 0.998464832903346,
                "y": 0.5004926646171323
            },
            "skillset": {
                "0": 0,
                "1": 1,
                "2": 0,
                "3": 0,
                "4": 1
            },
            "duration": 3.9549642103591554
        },
        "18": {
            "pos": {
                "x": 0.32136775663331074,
                "y": 0.9868305006530744
            },
            "skillset": {
                "0": 0,
                "1": 1,
                "2": 0,
                "3": 0,
                "4": 0
            },
            "duration": 3.354786283557296
        },
        "19": {
            "pos": {
                "x": 0.12950920450922476,
                "y": 0.1019162763834528
            },
            "skillset": {
                "0": 0,
                "1": 0,
                "2": 0,
                "3": 1,
                "4": 0
            },
            "duration": 3.958726452631922
        }
    },
    "robots": {
        "0": {
            "pose": {
                "x": 0.13479392130211454,
                "y": 0.7518887981315341
            },
            "skillset": {
                "0": 1,
                "1": 0,
                "2": 0,
                "3": 0,
                "4": 0
            }
        },
        "1": {
            "pose": {
                "x": 0.13479392130211454,
                "y": 0.7518887981315341
            },
            "skillset": {
                "0": 1,
                "1": 0,
                "2": 0,
                "3": 0,
                "4": 0
            }
        },
        "2": {
            "pose": {
                "x": 0.13479392130211454,
                "y": 0.7518887981315341
            },
            "skillset": {
                "0": 1,
                "1": 0,
                "2": 0,
                "3": 0,