{
    "setup": {
        "robots": 15,
        "tasks": 20,
        "num_skills": 5,
        "robot_class": "WR",
        "task_class": "ST",
        "coverage": "SC"
    },
    "tasks": {
        "0": {
            "pos": {
                "x": 0.5804807375713635,
                "y": 0.4780652307229881
            },
            "skillset": {
                "0": 1,
                "1": 0,
                "2": 0,
                "3": 1,
                "4": 0
            },
            "duration": 3.5701161543091064
        },
        "1": {
            "pos": {
                "x": 0.687581263058546,
                "y": 0.11796974619291922
            },
            "skillset": {
                "0": 0,
                "1": 1,
                "2": 0,
                "3": 0,
                "4": 0
            },
            "duration": 1.709157638859582
        },
        "2": {
            "pos": {
                "x": 0.6739803797309069,
                "y": 0.9318896731029044
            },
            "skillset": {
                "0": 0,
                "1": 1,
                "2": 1,
                "3": 1,
                "4": 0
            },
            "duration": 0.463517700196191
        },
        "3": {
            "pos": {
                "x": 0.21804520198335797,
                "y": 0.9506967910301437
            },
            "skillset": {
                "0": 1,
                "1": 1,
                "2": 0,
                "3": 0,
                "4": 1
            },
            "duration": 2.510577180356614
        },
        "4": {
            "pos": {
                "x": 0.6040982523792029,
                "y": 0.8441001248411426
            },
            "skillset": {
                "0": 0,
                "1": 1,
                "2": 1,
                "3": 0,
                "4": 1
            },
            "duration": 0.4571890534617701
        },
        "5": {
            "pos": {
                "x": 0.20785726951732264,
                "y": 0.38760292422510567
            },
            "skillset": {
                "0": 0,
                "1": 0,
                "2": 1,
                "3": 1,
                "4": 1
            },
            "duration": 3.3600383347910947
        },
        "6": {
            "pos": {
                "x": 0.8723696956165391,
                "y": 0.8317771595677066
            },
            "skillset": {
                "0": 1,
                "1": 1,
                "2": 1,
                "3": 0,
                "4": 1
            },
            "duration": 0.4211404561881782
        },
        "7": {
            "pos": {
                "x": 0.5885166499926148,
                "y": 0.738874472103919
            },
            "skillset": {
                "0": 0,
                "1": 1,
                "2": 1,
                "3": 0,
                "4": 1
            },
            "duration": 4.877581083312193
        },
        "8": {
            "pos": {
                "x": 0.5695753380661013,
                "y": 0.44655930536120747
            },
            "skillset": {
                "0": 0,
                "1": 0,
                "2": 1,
                "3": 0,
                "4": 1
            },
            "duration": 4.113425241342389
        },
        "9": {
            "pos": {
                "x": 0.30740449381128343,
                "y": 0.49791665250934747
            },
            "skillset": {
                "0": 1,
                "1": 0,
                "2": 0,
                "3": 1,
                "4": 1
            },
            "duration": 1.0176451438775165
        },
        "10": {
            "pos": {
                "x": 0.5173192104619053,
                "y": 0.482622804542711
            },
            "skillset": {
                "0": 1,
                "1": 1,
                "2": 1,
                "3": 0,
                "4": 0
            },
            "duration": 0.7668477289618064
        },
        "11": {
            "pos": {
                "x": 0.010487297297775977,
                "y": 0.9800521907051952
            },
            "skillset": {
                "0": 1,
                "1": 1,
                "2": 0,
                "3": 0,
                "4": 1
            },
            "duration": 3.5526857271927668
        },
        "12": {
            "pos": {
                "x": 0.9903177637553396,
                "y": 0.7119681121587219
            },
            "skillset": {
                "0": 1,
                "1": 1,
                "2": 0,
                "3": 0,
                "4": 1
            },
            "duration": 1.1740476922754972
        },
        "13": {
            "pos": {
                "x": 0.18363473418758758,
                "y": 0.8745356258459784
            },
            "skillset": {
                "0": 0,
                "1": 1,
                "2": 1,
                "3": 1,
                "4": 1
            },
            "duration": 4.336546513463838
        },
        "14": {
            "pos": {
                "x": 0.2504868405534192,
                "y": 0.03780601161295083
            },
            "skillset": {
                "0": 0,
                "1": 1,
                "2": 0,
                "3": 0,
                "4": 0
            },
            "duration": 3.7632720426175696
        },
        "15": {
            "pos": {
                "x": 0.18445989350867598,
                "y": 0.788941189244398
            },
            "skillset": {
                "0": 1,
                "1": 0,
                "2": 1,
                "3": 0,
                "4": 0
            },
            "duration": 4.0166564341407796
        },
        "16": {
            "pos": {
                "x": 0.8700252813633418,
                "y": 0.9631517616308489
            },
            "skillset": {
                "0": 0,
                "1": 0,
                "2": 1,
                "3": 1,
                "4": 1
            },
            "duration": 1.9134755090955151
        },
        "17": {
            "pos": {
                "x": 0.8045899387965214,
                "y": 0.3061694250132956
            },
            "skillset": {
                "0": 0,
                "1": 1,
                "2": 1,
                "3": 1,
                "4": 1
            },
            "duration": 4.050946414857817
        },
        "18": {
            "pos": {
                "x": 0.5536788441921541,
                "y": 0.700232591682857
            },
            "skillset": {
                "0": 1,
                "1": 0,
                "2": 1,
                "3": 1,
                "4": 0
            },
            "duration": 4.602535479365929
        },
        "19": {
            "pos": {
                "x": 0.055527048552285296,
                "y": 0.08555405579834219
            },
            "skillset": {
                "0": 0,
                "1": 1,
                "2": 0,
                "3": 1,
                "4": 1
            },
            "duration": 4.370565927164822
        }
    },
    "robots": {
        "0": {
            "pose": {
                "x": 0.1424177169270029,
                "y": 0.721513395306488
            },
            "skillset": {
                "0": 1,
                "1": 0,
                "2": 0,
                "3": 0,
                "4": 0
            }
        },
        "1": {
            "pose": {
                "x": 0.1424177169270029,
                "y": 0.721513395306488
            },
            "skillset": {
                "0": 1,
                "1": 0,
                "2": 0,
                "3": 0,
                "4": 0
            }
        },
        "2": {
            "pose": {
                "x": 0.1424177169270029,
                "y": 0.721513395306488
            },
            "skillset": {
                "0": 1,
                "1": 0,
                "2": 0,
                "3": 0,