{
    "setup": {
        "robots": 15,
        "tasks": 20,
        "num_skills": 5,
        "robot_class": "WR",
        "task_class": "ST",
        "coverage": "SC"
    },
    "tasks": {
        "0": {
            "pos": {
                "x": 0.06985739658056511,
                "y": 0.7156829698612962
            },
            "skillset": {
                "0": 1,
                "1": 0,
                "2": 0,
                "3": 1,
                "4": 0
            },
            "duration": 2.5743757396018236
        },
        "1": {
            "pos": {
                "x": 0.318933607129104,
                "y": 0.28180362257344105
            },
            "skillset": {
                "0": 0,
                "1": 1,
                "2": 1,
                "3": 1,
                "4": 1
            },
            "duration": 3.566057529240399
        },
        "2": {
            "pos": {
                "x": 0.8913654203826432,
                "y": 0.6011123336801122
            },
            "skillset": {
                "0": 0,
                "1": 0,
                "2": 1,
                "3": 0,
                "4": 0
            },
            "duration": 4.948460050224845
        },
        "3": {
            "pos": {
                "x": 0.6586733536551221,
                "y": 0.531422441488708
            },
            "skillset": {
                "0": 0,
                "1": 0,
                "2": 0,
                "3": 1,
                "4": 0
            },
            "duration": 3.1890996931858724
        },
        "4": {
            "pos": {
                "x": 0.21619706499395308,
                "y": 0.15086429423376224
            },
            "skillset": {
                "0": 1,
                "1": 0,
                "2": 1,
                "3": 0,
                "4": 0
            },
            "duration": 0.4602390518530869
        },
        "5": {
            "pos": {
                "x": 0.18414657885742036,
                "y": 0.3406843204351936
            },
            "skillset": {
                "0": 0,
                "1": 0,
                "2": 0,
                "3": 1,
                "4": 1
            },
            "duration": 2.792798231837975
        },
        "6": {
            "pos": {
                "x": 0.17005881864777384,
                "y": 0.47778324535359273
            },
            "skillset": {
                "0": 1,
                "1": 0,
                "2": 0,
                "3": 0,
                "4": 0
            },
            "duration": 1.9310249756840774
        },
        "7": {
            "pos": {
                "x": 0.9673686969994443,
                "y": 0.7395751466563605
            },
            "skillset": {
                "0": 1,
                "1": 0,
                "2": 1,
                "3": 0,
                "4": 1
            },
            "duration": 0.9243020981717504
        },
        "8": {
            "pos": {
                "x": 0.31094259068409913,
                "y": 0.3064566682924059
            },
            "skillset": {
                "0": 0,
                "1": 1,
                "2": 1,
                "3": 0,
                "4": 1
            },
            "duration": 4.095678058777057
        },
        "9": {
            "pos": {
                "x": 0.7821136862164224,
                "y": 0.9744879794871709
            },
            "skillset": {
                "0": 0,
                "1": 1,
                "2": 0,
                "3": 1,
                "4": 0
            },
            "duration": 3.5717491526222704
        },
        "10": {
            "pos": {
                "x": 0.6144686070729244,
                "y": 0.2566472505148065
            },
            "skillset": {
                "0": 0,
                "1": 0,
                "2": 0,
                "3": 0,
                "4": 1
            },
            "duration": 4.042501786811467
        },
        "11": {
            "pos": {
                "x": 0.4494050093469677,
                "y": 0.15769200187958454
            },
            "skillset": {
                "0": 0,
                "1": 1,
                "2": 1,
                "3": 0,
                "4": 0
            },
            "duration": 3.0510617947199026
        },
        "12": {
            "pos": {
                "x": 0.4342068942648959,
                "y": 0.8904103702147417
            },
            "skillset": {
                "0": 0,
                "1": 1,
                "2": 0,
                "3": 0,
                "4": 0
            },
            "duration": 3.488212611176225
        },
        "13": {
            "pos": {
                "x": 0.20267935773280443,
                "y": 0.44173126835025733
            },
            "skillset": {
                "0": 0,
                "1": 1,
                "2": 0,
                "3": 1,
                "4": 0
            },
            "duration": 3.433216147346693
        },
        "14": {
            "pos": {
                "x": 0.6322384225527676,
                "y": 0.9482498050383779
            },
            "skillset": {
                "0": 0,
                "1": 0,
                "2": 1,
                "3": 0,
                "4": 1
            },
            "duration": 1.2691754775404174
        },
        "15": {
            "pos": {
                "x": 0.6294125124551886,
                "y": 0.44306536086554416
            },
            "skillset": {
                "0": 1,
                "1": 1,
                "2": 1,
                "3": 0,
                "4": 0
            },
            "duration": 2.7991540401809925
        },
        "16": {
            "pos": {
                "x": 0.6533146577008697,
                "y": 0.2946182502163869
            },
            "skillset": {
                "0": 0,
                "1": 1,
                "2": 0,
                "3": 1,
                "4": 0
            },
            "duration": 4.362588991318767
        },
        "17": {
            "pos": {
                "x": 0.09904681247189817,
                "y": 0.8323928176319041
            },
            "skillset": {
                "0": 1,
                "1": 1,
                "2": 0,
                "3": 0,
                "4": 0
            },
            "duration": 1.8491133840241192
        },
        "18": {
            "pos": {
                "x": 0.4666284499042431,
                "y": 0.9267701067603876
            },
            "skillset": {
                "0": 0,
                "1": 1,
                "2": 0,
                "3": 1,
                "4": 1
            },
            "duration": 0.8331361569945256
        },
        "19": {
            "pos": {
                "x": 0.18781864729394937,
                "y": 0.013033433299209252
            },
            "skillset": {
                "0": 0,
                "1": 0,
                "2": 0,
                "3": 1,
                "4": 0
            },
            "duration": 0.10982517219044474
        }
    },
    "robots": {
        "0": {
            "pose": {
                "x": 0.4491651627010732,
                "y": 0.509974007901371
            },
            "skillset": {
                "0": 1,
                "1": 0,
                "2": 0,
                "3": 0,
                "4": 0
            }
        },
        "1": {
            "pose": {
                "x": 0.4491651627010732,
                "y": 0.509974007901371
            },
            "skillset": {
                "0": 1,
                "1": 0,
                "2": 0,
                "3": 0,
                "4": 0
            }
        },
        "2": {
            "pose": {
                "x": 0.4491651627010732,
                "y": 0.509974007901371
            },
            "skillset": {
                "0": 1,
                "1": 0,
                "2": 0,