{
    "setup": {
        "robots": 15,
        "tasks": 20,
        "num_skills": 5,
        "robot_class": "WR",
        "task_class": "ST",
        "coverage": "SC"
    },
    "tasks": {
        "0": {
            "pos": {
                "x": 0.6617614948256472,
                "y": 0.3635548117367374
            },
            "skillset": {
                "0": 1,
                "1": 1,
                "2": 0,
                "3": 1,
                "4": 1
            },
            "duration": 1.710829887619335
        },
        "1": {
            "pos": {
                "x": 0.8124212161337209,
                "y": 0.7628477475328608
            },
            "skillset": {
                "0": 0,
                "1": 0,
                "2": 0,
                "3": 1,
                "4": 1
            },
            "duration": 3.364745908654338
        },
        "2": {
            "pos": {
                "x": 0.6540285738216446,
                "y": 0.627937810674327
            },
            "skillset": {
                "0": 0,
                "1": 1,
                "2": 1,
                "3": 0,
                "4": 1
            },
            "duration": 2.8343668218296307
        },
        "3": {
            "pos": {
                "x": 0.6880048792778358,
                "y": 0.5741257473071727
            },
            "skillset": {
                "0": 0,
                "1": 1,
                "2": 1,
                "3": 0,
                "4": 1
            },
            "duration": 0.8811545440850921
        },
        "4": {
            "pos": {
                "x": 0.38881317074039456,
                "y": 0.9899794658231702
            },
            "skillset": {
                "0": 0,
                "1": 1,
                "2": 0,
                "3": 1,
                "4": 0
            },
            "duration": 0.4798095158555349
        },
        "5": {
            "pos": {
                "x": 0.46326661553080717,
                "y": 0.9337649070408671
            },
            "skillset": {
                "0": 0,
                "1": 1,
                "2": 0,
                "3": 0,
                "4": 0
            },
            "duration": 1.5296472668091372
        },
        "6": {
            "pos": {
                "x": 0.4192763933851592,
                "y": 0.6422951478439622
            },
            "skillset": {
                "0": 1,
                "1": 0,
                "2": 0,
                "3": 1,
                "4": 0
            },
            "duration": 0.39643397611065223
        },
        "7": {
            "pos": {
                "x": 0.5748528059023461,
                "y": 0.046950485295269906
            },
            "skillset": {
                "0": 1,
                "1": 0,
                "2": 1,
                "3": 0,
                "4": 0
            },
            "duration": 1.382122042641134
        },
        "8": {
            "pos": {
                "x": 0.44535659242843917,
                "y": 0.4895909707388628
            },
            "skillset": {
                "0": 0,
                "1": 1,
                "2": 1,
                "3": 0,
                "4": 1
            },
            "duration": 3.3570676764413183
        },
        "9": {
            "pos": {
                "x": 0.9469123998300302,
                "y": 0.764495469674534
            },
            "skillset": {
                "0": 0,
                "1": 1,
                "2": 0,
                "3": 1,
                "4": 1
            },
            "duration": 2.837746162345913
        },
        "10": {
            "pos": {
                "x": 0.06449080811197438,
                "y": 0.060230122078411163
            },
            "skillset": {
                "0": 0,
                "1": 1,
                "2": 1,
                "3": 1,
                "4": 0
            },
            "duration": 1.547881848094208
        },
        "11": {
            "pos": {
                "x": 0.13865414036339896,
                "y": 0.4957915010140601
            },
            "skillset": {
                "0": 1,
                "1": 0,
                "2": 0,
                "3": 0,
                "4": 0
            },
            "duration": 3.4634798166572582
        },
        "12": {
            "pos": {
                "x": 0.970048532438625,
                "y": 0.04016662505455382
            },
            "skillset": {
                "0": 0,
                "1": 1,
                "2": 0,
                "3": 0,
                "4": 0
            },
            "duration": 0.7554040342013568
        },
        "13": {
            "pos": {
                "x": 0.21484761999469315,
                "y": 0.7049524632144375
            },
            "skillset": {
                "0": 0,
                "1": 0,
                "2": 1,
                "3": 1,
                "4": 0
            },
            "duration": 2.087249100705364
        },
        "14": {
            "pos": {
                "x": 0.42199476984204976,
                "y": 0.6502442596165086
            },
            "skillset": {
                "0": 1,
                "1": 1,
                "2": 1,
                "3": 1,
                "4": 1
            },
            "duration": 3.307329371514976
        },
        "15": {
            "pos": {
                "x": 0.7738650782572944,
                "y": 0.8800526635306778
            },
            "skillset": {
                "0": 0,
                "1": 0,
                "2": 1,
                "3": 1,
                "4": 0
            },
            "duration": 0.388740577271508
        },
        "16": {
            "pos": {
                "x": 0.9792496250660735,
                "y": 0.7141846646350587
            },
            "skillset": {
                "0": 0,
                "1": 1,
                "2": 1,
                "3": 1,
                "4": 1
            },
            "duration": 2.573789196787897
        },
        "17": {
            "pos": {
                "x": 0.732573930277904,
                "y": 0.18515545933980404
            },
            "skillset": {
                "0": 1,
                "1": 0,
                "2": 0,
                "3": 1,
                "4": 1
            },
            "duration": 1.8733266821839107
        },
        "18": {
            "pos": {
                "x": 0.22692342015056077,
                "y": 0.9811448686784006
            },
            "skillset": {
                "0": 0,
                "1": 1,
                "2": 1,
                "3": 0,
                "4": 0
            },
            "duration": 1.9465752120225703
        },
        "19": {
            "pos": {
                "x": 0.4571709210202135,
                "y": 0.057146057580309995
            },
            "skillset": {
                "0": 0,
                "1": 1,
                "2": 1,
                "3": 0,
                "4": 1
            },
            "duration": 4.292554743787875
        }
    },
    "robots": {
        "0": {
            "pose": {
                "x": 0.29782722580755516,
                "y": 0.7077873908470351
            },
            "skillset": {
                "0": 1,
                "1": 0,
                "2": 0,
                "3": 0,
                "4": 0
            }
        },
        "1": {
            "pose": {
                "x": 0.29782722580755516,
                "y": 0.7077873908470351
            },
            "skillset": {
                "0": 1,
                "1": 0,
                "2": 0,
                "3": 0,
                "4": 0
            }
        },
        "2": {
            "pose": {
                "x": 0.29782722580755516,
                "y": 0.7077873908470351
            },
            "skillset": {
                "0": 1,
                "1": 0,
                "2": 0,