{
    "setup": {
        "robots": 15,
        "tasks": 20,
        "num_skills": 5,
        "robot_class": "WR",
        "task_class": "ST",
        "coverage": "SC"
    },
    "tasks": {
        "0": {
            "pos": {
                "x": 0.2337137631036731,
                "y": 0.7584261967294689
            },
            "skillset": {
                "0": 1,
                "1": 0,
                "2": 1,
                "3": 0,
                "4": 1
            },
            "duration": 3.5204666663635757
        },
        "1": {
            "pos": {
                "x": 0.476787376021111,
                "y": 0.4181667652269564
            },
            "skillset": {
                "0": 0,
                "1": 0,
                "2": 1,
                "3": 1,
                "4": 0
            },
            "duration": 1.6294630015968103
        },
        "2": {
            "pos": {
                "x": 0.6016591971004758,
                "y": 0.11815936765827217
            },
            "skillset": {
                "0": 1,
                "1": 1,
                "2": 0,
                "3": 0,
                "4": 0
            },
            "duration": 0.9175679005105164
        },
        "3": {
            "pos": {
                "x": 0.31536599025021983,
                "y": 0.27395131518481874
            },
            "skillset": {
                "0": 0,
                "1": 0,
                "2": 1,
                "3": 1,
                "4": 1
            },
            "duration": 0.49284478314749636
        },
        "4": {
            "pos": {
                "x": 0.6104304679644429,
                "y": 0.22499089303164854
            },
            "skillset": {
                "0": 0,
                "1": 1,
                "2": 0,
                "3": 0,
                "4": 0
            },
            "duration": 0.49364855626217674
        },
        "5": {
            "pos": {
                "x": 0.04739082703567343,
                "y": 0.04064734280142546
            },
            "skillset": {
                "0": 1,
                "1": 1,
                "2": 1,
                "3": 1,
                "4": 1
            },
            "duration": 2.3148080733678906
        },
        "6": {
            "pos": {
                "x": 0.7745405417566957,
                "y": 0.6838208148172836
            },
            "skillset": {
                "0": 0,
                "1": 0,
                "2": 1,
                "3": 1,
                "4": 0
            },
            "duration": 0.5805623808440258
        },
        "7": {
            "pos": {
                "x": 0.8495622461655604,
                "y": 0.6771857655029101
            },
            "skillset": {
                "0": 1,
                "1": 1,
                "2": 1,
                "3": 1,
                "4": 0
            },
            "duration": 3.030008906911233
        },
        "8": {
            "pos": {
                "x": 0.05225091057365017,
                "y": 0.7011315469487692
            },
            "skillset": {
                "0": 1,
                "1": 0,
                "2": 1,
                "3": 1,
                "4": 1
            },
            "duration": 4.1254141328909
        },
        "9": {
            "pos": {
                "x": 0.5469941118744472,
                "y": 0.9617927989821082
            },
            "skillset": {
                "0": 0,
                "1": 1,
                "2": 1,
                "3": 1,
                "4": 0
            },
            "duration": 2.112556226853326
        },
        "10": {
            "pos": {
                "x": 0.22978730054053498,
                "y": 0.07780972421372756
            },
            "skillset": {
                "0": 0,
                "1": 0,
                "2": 1,
                "3": 1,
                "4": 1
            },
            "duration": 3.098357556021472
        },
        "11": {
            "pos": {
                "x": 0.832890481734338,
                "y": 0.4226882683030935
            },
            "skillset": {
                "0": 0,
                "1": 1,
                "2": 1,
                "3": 0,
                "4": 1
            },
            "duration": 4.181602155930929
        },
        "12": {
            "pos": {
                "x": 0.46996828456103745,
                "y": 0.7169573795497921
            },
            "skillset": {
                "0": 1,
                "1": 0,
                "2": 0,
                "3": 0,
                "4": 0
            },
            "duration": 4.120394315063606
        },
        "13": {
            "pos": {
                "x": 0.18291059126222897,
                "y": 0.45102537588236
            },
            "skillset": {
                "0": 1,
                "1": 1,
                "2": 0,
                "3": 1,
                "4": 0
            },
            "duration": 1.5676693845310945
        },
        "14": {
            "pos": {
                "x": 0.80232568563382,
                "y": 0.5940841684476167
            },
            "skillset": {
                "0": 0,
                "1": 0,
                "2": 0,
                "3": 1,
                "4": 1
            },
            "duration": 2.828670505413605
        },
        "15": {
            "pos": {
                "x": 0.9031709654302932,
                "y": 0.8653806642004553
            },
            "skillset": {
                "0": 1,
                "1": 1,
                "2": 1,
                "3": 1,
                "4": 0
            },
            "duration": 2.3753177605405607
        },
        "16": {
            "pos": {
                "x": 0.27349619560055716,
                "y": 0.7957597450589267
            },
            "skillset": {
                "0": 0,
                "1": 1,
                "2": 1,
                "3": 0,
                "4": 1
            },
            "duration": 0.5992960214087001
        },
        "17": {
            "pos": {
                "x": 0.636144073010176,
                "y": 0.12108935468868476
            },
            "skillset": {
                "0": 1,
                "1": 0,
                "2": 1,
                "3": 0,
                "4": 0
            },
            "duration": 0.9988474876711623
        },
        "18": {
            "pos": {
                "x": 0.263623456814848,
                "y": 0.7537756518289568
            },
            "skillset": {
                "0": 1,
                "1": 1,
                "2": 0,
                "3": 1,
                "4": 1
            },
            "duration": 0.42170698460029465
        },
        "19": {
            "pos": {
                "x": 0.8459481717335485,
                "y": 0.155122996462709
            },
            "skillset": {
                "0": 1,
                "1": 0,
                "2": 1,
                "3": 1,
                "4": 0
            },
            "duration": 1.111240039541919
        }
    },
    "robots": {
        "0": {
            "pose": {
                "x": 0.7237042640639514,
                "y": 0.4311337134250588
            },
            "skillset": {
                "0": 1,
                "1": 0,
                "2": 0,
                "3": 0,
                "4": 0
            }
        },
        "1": {
            "pose": {
                "x": 0.7237042640639514,
                "y": 0.4311337134250588
            },
            "skillset": {
                "0": 1,
                "1": 0,
                "2": 0,
                "3": 0,
                "4": 0
            }
        },
        "2": {
            "pose": {
                "x": 0.7237042640639514,
                "y": 0.4311337134250588
            },
            "skillset": {
                "0": 1,
                "1": 0,
                "2": 0,
                "3": 0,