{
    "setup": {
        "robots": 15,
        "tasks": 20,
        "num_skills": 5,
        "robot_class": "WR",
        "task_class": "ST",
        "coverage": "SC"
    },
    "tasks": {
        "0": {
            "pos": {
                "x": 0.512758723262078,
                "y": 0.9291042207970062
            },
            "skillset": {
                "0": 0,
                "1": 1,
                "2": 0,
                "3": 0,
                "4": 1
            },
            "duration": 3.5132603532989313
        },
        "1": {
            "pos": {
                "x": 0.06608249672407474,
                "y": 0.8413172796123832
            },
            "skillset": {
                "0": 1,
                "1": 0,
                "2": 0,
                "3": 1,
                "4": 0
            },
            "duration": 4.719007134710454
        },
        "2": {
            "pos": {
                "x": 0.0666900087671014,
                "y": 0.34430997880412517
            },
            "skillset": {
                "0": 1,
                "1": 0,
                "2": 1,
                "3": 0,
                "4": 1
            },
            "duration": 0.6340855113062388
        },
        "3": {
            "pos": {
                "x": 0.4302987319478333,
                "y": 0.9660620807840702
            },
            "skillset": {
                "0": 1,
                "1": 1,
                "2": 0,
                "3": 1,
                "4": 0
            },
            "duration": 4.323891477003871
        },
        "4": {
            "pos": {
                "x": 0.562231842228457,
                "y": 0.25886459317093224
            },
            "skillset": {
                "0": 1,
                "1": 0,
                "2": 1,
                "3": 0,
                "4": 1
            },
            "duration": 0.29732075800169233
        },
        "5": {
            "pos": {
                "x": 0.24167571409434496,
                "y": 0.8881183206591798
            },
            "skillset": {
                "0": 0,
                "1": 1,
                "2": 1,
                "3": 1,
                "4": 0
            },
            "duration": 1.9038525415544472
        },
        "6": {
            "pos": {
                "x": 0.22586942841732438,
                "y": 0.1245547058352835
            },
            "skillset": {
                "0": 1,
                "1": 1,
                "2": 1,
                "3": 0,
                "4": 1
            },
            "duration": 2.148870305892883
        },
        "7": {
            "pos": {
                "x": 0.2883307570075776,
                "y": 0.5861230648127328
            },
            "skillset": {
                "0": 1,
                "1": 0,
                "2": 0,
                "3": 1,
                "4": 0
            },
            "duration": 2.4442477341673214
        },
        "8": {
            "pos": {
                "x": 0.5540905021732678,
                "y": 0.8097107759127777
            },
            "skillset": {
                "0": 1,
                "1": 1,
                "2": 1,
                "3": 1,
                "4": 0
            },
            "duration": 4.882311609680222
        },
        "9": {
            "pos": {
                "x": 0.5604759520061858,
                "y": 0.2884212144312105
            },
            "skillset": {
                "0": 0,
                "1": 0,
                "2": 1,
                "3": 0,
                "4": 0
            },
            "duration": 3.878455940509142
        },
        "10": {
            "pos": {
                "x": 0.4128963426808927,
                "y": 0.8181209709709104
            },
            "skillset": {
                "0": 0,
                "1": 0,
                "2": 1,
                "3": 1,
                "4": 0
            },
            "duration": 1.544286813596305
        },
        "11": {
            "pos": {
                "x": 0.6265064624197535,
                "y": 0.9590776426974422
            },
            "skillset": {
                "0": 1,
                "1": 1,
                "2": 1,
                "3": 0,
                "4": 0
            },
            "duration": 1.3491839275040007
        },
        "12": {
            "pos": {
                "x": 0.3694044110916809,
                "y": 0.5526115105212872
            },
            "skillset": {
                "0": 1,
                "1": 1,
                "2": 0,
                "3": 0,
                "4": 0
            },
            "duration": 4.315601020946589
        },
        "13": {
            "pos": {
                "x": 0.5939242016131683,
                "y": 0.84829120827506
            },
            "skillset": {
                "0": 1,
                "1": 0,
                "2": 1,
                "3": 0,
                "4": 0
            },
            "duration": 4.4065358636884495
        },
        "14": {
            "pos": {
                "x": 0.14547353818653175,
                "y": 0.40651033674812664
            },
            "skillset": {
                "0": 0,
                "1": 1,
                "2": 1,
                "3": 1,
                "4": 1
            },
            "duration": 2.553532527718226
        },
        "15": {
            "pos": {
                "x": 0.909958961662297,
                "y": 0.043066888568204176
            },
            "skillset": {
                "0": 1,
                "1": 0,
                "2": 0,
                "3": 0,
                "4": 1
            },
            "duration": 1.721478654811626
        },
        "16": {
            "pos": {
                "x": 0.8227062801815019,
                "y": 0.41538403737122465
            },
            "skillset": {
                "0": 1,
                "1": 1,
                "2": 1,
                "3": 1,
                "4": 1
            },
            "duration": 4.974586740804589
        },
        "17": {
            "pos": {
                "x": 0.8298039852781027,
                "y": 0.009954560807291957
            },
            "skillset": {
                "0": 0,
                "1": 0,
                "2": 1,
                "3": 0,
                "4": 1
            },
            "duration": 1.579717726838501
        },
        "18": {
            "pos": {
                "x": 0.36504615775827065,
                "y": 0.07863003716563988
            },
            "skillset": {
                "0": 1,
                "1": 1,
                "2": 0,
                "3": 0,
                "4": 1
            },
            "duration": 0.9135618946328122
        },
        "19": {
            "pos": {
                "x": 0.6526145763366384,
                "y": 0.2738490985995572
            },
            "skillset": {
                "0": 1,
                "1": 0,
                "2": 1,
                "3": 0,
                "4": 1
            },
            "duration": 4.400490606520348
        }
    },
    "robots": {
        "0": {
            "pose": {
                "x": 0.4799879238078322,
                "y": 0.23237291963930384
            },
            "skillset": {
                "0": 1,
                "1": 0,
                "2": 0,
                "3": 0,
                "4": 0
            }
        },
        "1": {
            "pose": {
                "x": 0.4799879238078322,
                "y": 0.23237291963930384
            },
            "skillset": {
                "0": 1,
                "1": 0,
                "2": 0,
                "3": 0,
                "4": 0
            }
        },
        "2": {
            "pose": {
                "x": 0.4799879238078322,
                "y": 0.23237291963930384
            },
            "skillset": {
                "0": 1,
                "1": 0,
                "2": 0,