{
    "setup": {
        "robots": 15,
        "tasks": 20,
        "num_skills": 5,
        "robot_class": "WR",
        "task_class": "ST",
        "coverage": "SC"
    },
    "tasks": {
        "0": {
            "pos": {
                "x": 0.9558871406741574,
                "y": 0.08866253978746697
            },
            "skillset": {
                "0": 1,
                "1": 1,
                "2": 1,
                "3": 0,
                "4": 1
            },
            "duration": 3.321563371061141
        },
        "1": {
            "pos": {
                "x": 0.16089365334186267,
                "y": 0.7565111947548956
            },
            "skillset": {
                "0": 0,
                "1": 1,
                "2": 0,
                "3": 0,
                "4": 1
            },
            "duration": 2.3719260246166525
        },
        "2": {
            "pos": {
                "x": 0.3526931778130714,
                "y": 0.6536987913139447
            },
            "skillset": {
                "0": 0,
                "1": 0,
                "2": 0,
                "3": 1,
                "4": 0
            },
            "duration": 1.3936418459869189
        },
        "3": {
            "pos": {
                "x": 0.07569959664995507,
                "y": 0.140712225618848
            },
            "skillset": {
                "0": 1,
                "1": 1,
                "2": 0,
                "3": 0,
                "4": 1
            },
            "duration": 3.1064985592111465
        },
        "4": {
            "pos": {
                "x": 0.8785627126430924,
                "y": 0.4337272814900919
            },
            "skillset": {
                "0": 0,
                "1": 0,
                "2": 1,
                "3": 1,
                "4": 1
            },
            "duration": 2.012694758872993
        },
        "5": {
            "pos": {
                "x": 0.12339148178247594,
                "y": 0.9249732845083043
            },
            "skillset": {
                "0": 0,
                "1": 0,
                "2": 1,
                "3": 0,
                "4": 1
            },
            "duration": 2.378497221726332
        },
        "6": {
            "pos": {
                "x": 0.22993726175465956,
                "y": 0.08068704348979971
            },
            "skillset": {
                "0": 0,
                "1": 1,
                "2": 0,
                "3": 1,
                "4": 0
            },
            "duration": 3.48341440999463
        },
        "7": {
            "pos": {
                "x": 0.5380373095376436,
                "y": 0.5756105396817919
            },
            "skillset": {
                "0": 0,
                "1": 1,
                "2": 0,
                "3": 1,
                "4": 0
            },
            "duration": 3.137456904734772
        },
        "8": {
            "pos": {
                "x": 0.08333774239510694,
                "y": 0.6768943639816967
            },
            "skillset": {
                "0": 0,
                "1": 1,
                "2": 1,
                "3": 0,
                "4": 1
            },
            "duration": 4.930890000209363
        },
        "9": {
            "pos": {
                "x": 0.30143961480489556,
                "y": 0.9919802734068892
            },
            "skillset": {
                "0": 1,
                "1": 0,
                "2": 0,
                "3": 1,
                "4": 0
            },
            "duration": 1.6316351424809428
        },
        "10": {
            "pos": {
                "x": 0.34577893346049227,
                "y": 0.7163970928858278
            },
            "skillset": {
                "0": 1,
                "1": 0,
                "2": 0,
                "3": 1,
                "4": 1
            },
            "duration": 3.0082819662156703
        },
        "11": {
            "pos": {
                "x": 0.6272276752022734,
                "y": 0.58707310007722
            },
            "skillset": {
                "0": 0,
                "1": 1,
                "2": 1,
                "3": 1,
                "4": 1
            },
            "duration": 4.101539856792359
        },
        "12": {
            "pos": {
                "x": 0.057332118566592705,
                "y": 0.80829987212345
            },
            "skillset": {
                "0": 1,
                "1": 0,
                "2": 0,
                "3": 1,
                "4": 1
            },
            "duration": 1.6231184772935077
        },
        "13": {
            "pos": {
                "x": 0.3198431711815508,
                "y": 0.5377045512223902
            },
            "skillset": {
                "0": 1,
                "1": 0,
                "2": 1,
                "3": 1,
                "4": 0
            },
            "duration": 1.775811333006092
        },
        "14": {
            "pos": {
                "x": 0.8520576921486267,
                "y": 0.6674990297034685
            },
            "skillset": {
                "0": 0,
                "1": 1,
                "2": 0,
                "3": 1,
                "4": 0
            },
            "duration": 2.5942029137271887
        },
        "15": {
            "pos": {
                "x": 0.22228846896990917,
                "y": 0.9871159107374796
            },
            "skillset": {
                "0": 1,
                "1": 0,
                "2": 1,
                "3": 1,
                "4": 1
            },
            "duration": 4.6689687183401585
        },
        "16": {
            "pos": {
                "x": 0.7979365932272854,
                "y": 0.5147257413738141
            },
            "skillset": {
                "0": 1,
                "1": 0,
                "2": 0,
                "3": 0,
                "4": 1
            },
            "duration": 0.29111465350917354
        },
        "17": {
            "pos": {
                "x": 0.7467243348265302,
                "y": 0.3062135673150841
            },
            "skillset": {
                "0": 1,
                "1": 1,
                "2": 1,
                "3": 1,
                "4": 1
            },
            "duration": 3.1603656256058503
        },
        "18": {
            "pos": {
                "x": 0.34509504711087413,
                "y": 0.4365425562436658
            },
            "skillset": {
                "0": 0,
                "1": 0,
                "2": 0,
                "3": 1,
                "4": 1
            },
            "duration": 2.2626836929368417
        },
        "19": {
            "pos": {
                "x": 0.3034936825444713,
                "y": 0.32554793177420627
            },
            "skillset": {
                "0": 0,
                "1": 0,
                "2": 0,
                "3": 1,
                "4": 1
            },
            "duration": 3.559322962601741
        }
    },
    "robots": {
        "0": {
            "pose": {
                "x": 0.7357599973050482,
                "y": 0.5232013505884445
            },
            "skillset": {
                "0": 1,
                "1": 0,
                "2": 0,
                "3": 0,
                "4": 0
            }
        },
        "1": {
            "pose": {
                "x": 0.7357599973050482,
                "y": 0.5232013505884445
            },
            "skillset": {
                "0": 1,
                "1": 0,
                "2": 0,
                "3": 0,
                "4": 0
            }
        },
        "2": {
            "pose": {
                "x": 0.7357599973050482,
                "y": 0.5232013505884445
            },
            "skillset": {
                "0": 1,
                "1": 0,
                "2": 0,